"set","sigma_DH","MRD","n_seg"
"inter-pool (A x B)",5.3437711962658,0.612780547994141,1502
"inter-pool (A x B)",5.68183324964358,0.614206805563077,1509
"inter-pool (A x B)",5.06386380953253,0.612780547994141,1502
"inter-pool (A x B)",4.85213901456451,0.602909611799314,1454
"inter-pool (A x B)",5.04312073919922,0.606217782649107,1470
"inter-pool (A x B)",5.1612821746786,0.609302880347697,1485
"inter-pool (A x B)",5.02411030420974,0.59937467413964,1437
"inter-pool (A x B)",4.97354901019786,0.610532554414587,1491
"inter-pool (A x B)",4.62147805517261,0.602702248212166,1453
"inter-pool (A x B)",5.35962201552782,0.613188388670236,1504
"inter-pool (A x B)",5.04974177597109,0.61461369981477,1511
"inter-pool (A x B)",4.9198110730494,0.610737259384099,1492
"inter-pool (A x B)",4.62959102835086,0.604565960007674,1462
"inter-pool (A x B)",4.93157719245287,0.618465843842649,1530
"inter-pool (A x B)",4.90445106156363,0.61400325732035,1508
"inter-pool (A x B)",4.86231614355475,0.609918027279076,1488
"inter-pool (A x B)",4.54963681328747,0.612576525831671,1501
"inter-pool (A x B)",5.58427728016604,0.605805249234438,1468
"inter-pool (A x B)",5.16567423770216,0.618465843842649,1530
"inter-pool (A x B)",5.18971708409688,0.609507998306831,1486
"inter-pool (A x B)",4.84799162317566,0.611555394056826,1496
"inter-pool (A x B)",4.62959102835086,0.604565960007674,1462
"inter-pool (A x B)",5.19340618932743,0.610532554414587,1491
"inter-pool (A x B)",4.63172413373155,0.61257652583167,1501
"inter-pool (A x B)",5.2859545201885,0.612372435695794,1500
"inter-pool (A x B)",4.70497182500482,0.617454451761423,1525
"inter-pool (A x B)",5.37179297565537,0.612168277518527,1499
"inter-pool (A x B)",4.95599488021746,0.610327780786685,1490
"inter-pool (A x B)",5.23454415716084,0.615629758864856,1516
"inter-pool (A x B)",4.99051981993278,0.601456565347823,1447
"inter-pool (A x B)",5.50516700316798,0.604359164735673,1461
"inter-pool (A x B)",5.2859545201885,0.612372435695794,1500
"inter-pool (A x B)",5.04940935962788,0.61196405123177,1498
"inter-pool (A x B)",5.03366948202625,0.610327780786685,1490
"inter-pool (A x B)",4.92981855295679,0.601456565347823,1447
"inter-pool (A x B)",4.99127630527585,0.612780547994141,1502
"inter-pool (A x B)",4.95915502041669,0.607865116617165,1478
"inter-pool (A x B)",5.66877103495593,0.623498195666996,1555
"inter-pool (A x B)",4.96882143133601,0.609097693313642,1484
"inter-pool (A x B)",4.62959102835086,0.604565960007674,1462
"inter-pool (A x B)",4.66059753150557,0.600832755431992,1444
"inter-pool (A x B)",5.07737232702193,0.612372435695794,1500
"inter-pool (A x B)",4.63796501522716,0.601664358259653,1448
"inter-pool (A x B)",4.99851525745217,0.611759756767311,1497
"inter-pool (A x B)",5.05119538787242,0.601664358259653,1448
"inter-pool (A x B)",4.53140252077415,0.613799641576956,1507
"inter-pool (A x B)",5.28190166774421,0.611759756767311,1497
"inter-pool (A x B)",5.26809945148881,0.607659444096774,1477
"inter-pool (A x B)",4.93731918367847,0.61461369981477,1511
"inter-pool (A x B)",5.10942425122762,0.608276253029822,1480
"inter-pool (A x B)",4.74869355272594,0.618263697785985,1529
"inter-pool (A x B)",4.7900891052673,0.613595958265698,1506
"inter-pool (A x B)",5.73849212971167,0.61257652583167,1501
"inter-pool (A x B)",4.70253384284013,0.611146463623901,1494
"inter-pool (A x B)",5.26809945148881,0.607659444096774,1477
"inter-pool (A x B)",5.02634298843947,0.617049430758995,1523
"inter-pool (A x B)",5.12137993654629,0.604359164735673,1461
"inter-pool (A x B)",5.11295270547692,0.610532554414587,1491
"inter-pool (A x B)",5.00126686020469,0.609713047260758,1487
"inter-pool (A x B)",5.01845525452081,0.6,1440
"inter-pool (A x B)",4.12837476697243,0.601872079432166,1449
"inter-pool (A x B)",4.80998465005843,0.611964051231769,1498
"inter-pool (A x B)",5.10942425122762,0.608276253029822,1480
"inter-pool (A x B)",4.91909451876063,0.616035713250457,1518
"inter-pool (A x B)",5.56043028604162,0.595818764390649,1420
"inter-pool (A x B)",5.3695613862236,0.610737259384099,1492
"inter-pool (A x B)",5.10128510365883,0.619475584668194,1535
"inter-pool (A x B)",4.72032255864504,0.604152298679729,1460
"inter-pool (A x B)",4.97832022969449,0.610941895764237,1493
"inter-pool (A x B)",5.58059221513837,0.617454451761424,1525
"inter-pool (A x B)",4.89688093331553,0.612780547994141,1502
"inter-pool (A x B)",5.26260461901524,0.610532554414587,1491
"inter-pool (A x B)",5.23285051186452,0.607865116617165,1478
"inter-pool (A x B)",4.52066975481908,0.610122938431264,1489
"inter-pool (A x B)",5.02153709901713,0.612576525831671,1501
"inter-pool (A x B)",5.04760354984644,0.600208297176905,1441
"inter-pool (A x B)",4.64748789567011,0.617251974480438,1524
"inter-pool (A x B)",5.39973871065905,0.606630035524124,1472
"inter-pool (A x B)",4.71049779396927,0.607659444096774,1477
"inter-pool (A x B)",4.7641309419401,0.610532554414587,1491
"inter-pool (A x B)",4.7848557373738,0.596238207430554,1422
"inter-pool (A x B)",5.15646655874869,0.607247890074556,1475
"inter-pool (A x B)",5.25170504054616,0.617454451761424,1525
"inter-pool (A x B)",5.46820312876819,0.612984502251077,1503
"inter-pool (A x B)",4.29426312556569,0.616238590158065,1519
"inter-pool (A x B)",5.45721991367746,0.608892437134836,1483
"inter-pool (A x B)",5.04063160241389,0.606836056937951,1473
"inter-pool (A x B)",4.69857870567927,0.605805249234438,1468
"inter-pool (A x B)",5.23538877124803,0.604565960007673,1462
"inter-pool (A x B)",4.62017626575528,0.609713047260758,1487
"inter-pool (A x B)",5.10942425122762,0.608276253029822,1480
"inter-pool (A x B)",3.9615574822744,0.598331012066064,1432
"inter-pool (A x B)",5.09212299956667,0.612984502251076,1503
"inter-pool (A x B)",5.16894659168385,0.608070719571334,1479
"inter-pool (A x B)",5.29125903878094,0.618263697785986,1529
"inter-pool (A x B)",5.48504709065027,0.617454451761423,1525
"inter-pool (A x B)",4.93524472497702,0.613188388670235,1504
"inter-pool (A x B)",5.49814058245214,0.608687111741328,1482
"inter-pool (A x B)",4.99051981993278,0.601456565347823,1447
"inter-pool (A x B)",5.08366345416319,0.621490144732803,1545
"inter-pool (A x B)",5.13458823826826,0.610327780786685,1490
"inter-pool (A x B)",5.3824241530907,0.609713047260759,1487
"inter-pool (A x B)",4.88235072237831,0.610737259384099,1492
"inter-pool (A x B)",4.37475126907285,0.602079728939614,1450
"inter-pool (A x B)",4.4177017506354,0.607453701939498,1476
"inter-pool (A x B)",4.62928624256695,0.600832755431992,1444
"inter-pool (A x B)",4.37763304692542,0.609918027279076,1488
"inter-pool (A x B)",5.14965785815558,0.602909611799315,1454
"inter-pool (A x B)",5.13529174781748,0.605598877145591,1467
"inter-pool (A x B)",5.07699927419585,0.607453701939498,1476
"inter-pool (A x B)",5.21474397577502,0.61196405123177,1498
"inter-pool (A x B)",4.80911785908064,0.605392434706612,1466
"inter-pool (A x B)",5.24805615936323,0.609097693313643,1484
"inter-pool (A x B)",4.68966277298409,0.62509999200128,1563
"inter-pool (A x B)",4.747788188503,0.608276253029822,1480
"inter-pool (A x B)",4.54623569249913,0.612168277518527,1499
"inter-pool (A x B)",5.0194423920283,0.609507998306831,1486
"inter-pool (A x B)",5.07737232702193,0.612372435695794,1500
"inter-pool (A x B)",4.87666945988232,0.608276253029822,1480
"inter-pool (A x B)",4.54623569249913,0.612168277518527,1499
"inter-pool (A x B)",4.94755468115313,0.607659444096773,1477
"inter-pool (A x B)",5.32529756148771,0.614206805563077,1509
"inter-pool (A x B)",5.19245056306566,0.611146463623901,1494
"inter-pool (A x B)",4.91201666439519,0.611146463623901,1494
"inter-pool (A x B)",5.00481600440382,0.611146463623901,1494
"inter-pool (A x B)",5.34990836118188,0.613799641576956,1507
"inter-pool (A x B)",5.2995029819799,0.608276253029822,1480
"inter-pool (A x B)",5.46499573066673,0.610737259384099,1492
"inter-pool (A x B)",5.07399270605762,0.61461369981477,1511
"inter-pool (A x B)",4.99695306283896,0.604565960007674,1462
"inter-pool (A x B)",5.37179297565537,0.612168277518527,1499
"inter-pool (A x B)",5.29125903878094,0.618263697785986,1529
"inter-pool (A x B)",3.89387678484127,0.608892437134836,1483
"inter-pool (A x B)",5.12167834172195,0.608276253029822,1480
"inter-pool (A x B)",5.64553167669133,0.61400325732035,1508
"inter-pool (A x B)",5.25680472875322,0.607247890074556,1475
"inter-pool (A x B)",5.78984784265799,0.608070719571334,1479
"inter-pool (A x B)",5.23538877124803,0.604565960007673,1462
"inter-pool (A x B)",5.67017816089133,0.611759756767311,1497
"inter-pool (A x B)",5.16800978441559,0.619273768215641,1534
"inter-pool (A x B)",5.19555704362982,0.603945361767105,1459
"inter-pool (A x B)",4.80571356296375,0.610737259384099,1492
"inter-pool (A x B)",5.18399436203069,0.601456565347823,1447
"inter-pool (A x B)",5.32017951713387,0.606217782649107,1470
"inter-pool (A x B)",4.8088396711176,0.615020324867398,1513
"inter-pool (A x B)",5.67017816089133,0.611759756767311,1497
"inter-pool (A x B)",4.65535760737063,0.616846820531645,1522
"inter-pool (A x B)",4.83881648024313,0.602909611799314,1454
"inter-pool (A x B)",4.6695260405493,0.611555394056826,1496
"inter-pool (A x B)",5.22861138974037,0.607042008431047,1474
"inter-pool (A x B)",4.88611525633689,0.616644143732834,1521
"inter-pool (A x B)",5.19050403884494,0.613595958265698,1506
"inter-pool (A x B)",4.58762999383061,0.610532554414587,1491
"inter-pool (A x B)",4.68146032368313,0.612576525831671,1501
"inter-pool (A x B)",5.02457657083868,0.617251974480438,1524
"inter-pool (A x B)",5.15827780657918,0.606423944118304,1471
"inter-pool (A x B)",4.95135238811241,0.612168277518527,1499
"inter-pool (A x B)",4.7930384784015,0.60518592184551,1465
"inter-pool (A x B)",4.88235072237831,0.610737259384099,1492
"inter-pool (A x B)",5.04940935962788,0.61196405123177,1498
"inter-pool (A x B)",4.37475126907285,0.602079728939614,1450
"inter-pool (A x B)",5.00314764383715,0.609713047260759,1487
"inter-pool (A x B)",5.45721991367746,0.608892437134836,1483
"inter-pool (A x B)",5.04312073919922,0.606217782649107,1470
"inter-pool (A x B)",5.05459433998432,0.606011551045028,1469
"inter-pool (A x B)",5.19942804351978,0.605392434706612,1466
"inter-pool (A x B)",5.21840646786377,0.610532554414586,1491
"inter-pool (A x B)",5.23538877124803,0.604565960007673,1462
"inter-pool (A x B)",4.9939452545382,0.603945361767105,1459
"inter-pool (A x B)",4.82061373240374,0.610532554414587,1491
"inter-pool (A x B)",5.10124802540151,0.616644143732834,1521
"inter-pool (A x B)",4.88989458206637,0.615223536610881,1514
"inter-pool (A x B)",5.38044386747146,0.609507998306831,1486
"inter-pool (A x B)",4.39787804029895,0.613188388670235,1504
"inter-pool (A x B)",4.87368228882176,0.61461369981477,1511
"inter-pool (A x B)",4.92378156229618,0.605805249234438,1468
"inter-pool (A x B)",5.37167933558661,0.608276253029822,1480
"inter-pool (A x B)",5.41000088130282,0.614206805563077,1509
"inter-pool (A x B)",5.3437711962658,0.612780547994141,1502
"inter-pool (A x B)",5.1593968080126,0.61400325732035,1508
"inter-pool (A x B)",4.79597641553809,0.604565960007673,1462
"inter-pool (A x B)",4.95915502041669,0.607865116617165,1478
"inter-pool (A x B)",5.4662724234118,0.604152298679729,1460
"inter-pool (A x B)",4.9077692329368,0.609713047260758,1487
"inter-pool (A x B)",5.03361540891592,0.602287306856122,1451
"inter-pool (A x B)",5.23145935119176,0.618869937870632,1532
"inter-pool (A x B)",4.87097705147517,0.60559887714559,1467
"inter-pool (A x B)",5.33213977535029,0.610327780786685,1490
"inter-pool (A x B)",5.52323803714046,0.615426681254559,1515
"inter-pool (A x B)",5.17764781158498,0.609507998306831,1486
"inter-pool (A x B)",5.10128510365883,0.619475584668194,1535
"inter-pool (A x B)",5.40833501846157,0.605805249234438,1468
"inter-pool (A x B)",4.74843357445025,0.600208297176905,1441
"inter-pool (A x B)",5.37746609355549,0.617049430758995,1523
"inter-pool (A x B)",5.58957716219315,0.611555394056826,1496
"inter-pool (A x B)",5.25367939959477,0.604979338490167,1464
"inter-pool (A x B)",5.33698997593499,0.612576525831671,1501
"inter-pool (A x B)",5.29125903878094,0.618263697785986,1529
"inter-pool (A x B)",4.63172413373155,0.61257652583167,1501
"inter-pool (A x B)",5.11331379341721,0.613188388670236,1504
"inter-pool (A x B)",5.73188364084176,0.610532554414587,1491
"inter-pool (A x B)",4.65252190626116,0.603738353924943,1458
"inter-pool (A x B)",5.04446528342785,0.611964051231769,1498
"inter-pool (A x B)",5.07130015408088,0.606630035524124,1472
"inter-pool (A x B)",5.46369844248061,0.609918027279076,1488
"inter-pool (A x B)",5.15827780657918,0.606423944118304,1471
"inter-pool (A x B)",4.75670692069122,0.606836056937951,1473
"inter-pool (A x B)",4.49571576456044,0.615426681254558,1515
"inter-pool (A x B)",4.74776128107793,0.6200806399171,1538
"inter-pool (A x B)",4.84645998427373,0.603116904090741,1455
"inter-pool (A x B)",4.67173109579258,0.604979338490167,1464
"inter-pool (A x B)",5.40751215816682,0.609507998306831,1486
"inter-pool (A x B)",4.60093048878561,0.606630035524124,1472
"inter-pool (A x B)",4.69338315445907,0.608276253029822,1480
"inter-pool (A x B)",4.73962288281632,0.604359164735672,1461
"inter-pool (A x B)",4.92408431756522,0.610941895764237,1493
"inter-pool (A x B)",4.91242235767651,0.604359164735673,1461
"inter-pool (A x B)",4.71049779396927,0.607659444096774,1477
"inter-pool (A x B)",4.76267942875981,0.613595958265698,1506
"inter-pool (A x B)",4.57252886341557,0.612372435695794,1500
"inter-pool (A x B)",5.15827780657918,0.606423944118304,1471
"inter-pool (A x B)",4.92743631396858,0.609918027279076,1488
"inter-pool (A x B)",5.21840646786377,0.610532554414586,1491
"inter-pool (A x B)",4.9861793771187,0.60062467481781,1443
"inter-pool (A x B)",5.07505650144829,0.602702248212166,1453
"inter-pool (A x B)",4.93983684254292,0.616846820531645,1522
"inter-pool (A x B)",4.95242643674855,0.610737259384099,1492
"inter-pool (A x B)",5.04312073919922,0.606217782649107,1470
"inter-pool (A x B)",5.61176093317099,0.628490254498827,1580
"inter-pool (A x B)",4.60231401544851,0.602909611799315,1454
"inter-pool (A x B)",5.19506648730217,0.605805249234438,1468
"inter-pool (A x B)",5.46183452503344,0.606836056937951,1473
"inter-pool (A x B)",4.82249738232735,0.613188388670236,1504
"inter-pool (A x B)",4.95364053508166,0.60518592184551,1465
"inter-pool (A x B)",4.99695306283896,0.604565960007674,1462
"inter-pool (A x B)",5.29766237746832,0.612984502251076,1503
"inter-pool (A x B)",5.07042648999267,0.610122938431264,1489
"inter-pool (A x B)",5.38044386747146,0.609507998306831,1486
"inter-pool (A x B)",4.85170065543733,0.616238590158065,1519
"inter-pool (A x B)",5.52535209544285,0.59916608715781,1436
"inter-pool (A x B)",5.08366345416319,0.621490144732803,1545
"inter-pool (A x B)",4.88257820834053,0.606217782649107,1470
"inter-pool (A x B)",4.40706602199759,0.605598877145591,1467
"inter-pool (A x B)",4.92408431756522,0.610941895764237,1493
"inter-pool (A x B)",5.24400304615847,0.608892437134836,1483
"inter-pool (A x B)",5.33100915387035,0.603324125159934,1456
"inter-pool (A x B)",4.62251293473195,0.606630035524124,1472
"inter-pool (A x B)",5.25707746679313,0.616238590158065,1519
"inter-pool (A x B)",4.95425058246344,0.615223536610881,1514
"inter-pool (A x B)",4.90764430958521,0.607659444096774,1477
"inter-pool (A x B)",4.77542214696476,0.608276253029822,1480
"inter-pool (A x B)",5.06129135431023,0.609918027279076,1488
"inter-pool (A x B)",4.92882788406135,0.621087755474216,1543
"inter-pool (A x B)",4.75870616435754,0.61196405123177,1498
"inter-pool (A x B)",5.4481427936554,0.615629758864855,1516
"inter-pool (A x B)",5.67381291353821,0.609097693313642,1484
"inter-pool (A x B)",4.65178790828867,0.616035713250457,1518
"inter-pool (A x B)",4.96084513672821,0.605392434706612,1466
"inter-pool (A x B)",5.00481600440382,0.611146463623901,1494
"inter-pool (A x B)",5.09557372403929,0.604979338490167,1464
"inter-pool (A x B)",5.23824130324401,0.615020324867398,1513
"inter-pool (A x B)",4.72514424764962,0.604979338490167,1464
"inter-pool (A x B)",5.1070705876877,0.613188388670235,1504
"inter-pool (A x B)",4.92743631396858,0.609918027279076,1488
"inter-pool (A x B)",5.29483362682783,0.613392207319265,1505
"inter-pool (A x B)",5.35414341134423,0.609507998306831,1486
"inter-pool (A x B)",4.59473023099652,0.608070719571334,1479
"inter-pool (A x B)",5.41292685930735,0.601248700622297,1446
"inter-pool (A x B)",4.79681399444704,0.590762219509677,1396
"inter-pool (A x B)",5.28308541643979,0.607247890074556,1475
"inter-pool (A x B)",4.73962288281632,0.604359164735672,1461
"inter-pool (A x B)",5.25484615669215,0.605392434706613,1466
"inter-pool (A x B)",5.12167834172195,0.608276253029822,1480
"inter-pool (A x B)",5.29270506808895,0.609302880347697,1485
"inter-pool (A x B)",4.74013371880773,0.614817045957576,1512
"inter-pool (A x B)",4.80571356296375,0.610737259384099,1492
"inter-pool (A x B)",5.05410179872642,0.604359164735673,1461
"inter-pool (A x B)",5.07399270605762,0.61461369981477,1511
"inter-pool (A x B)",4.92002263607236,0.618061485614498,1528
"inter-pool (A x B)",5.32951585354593,0.60518592184551,1465
"inter-pool (A x B)",5.04283340467442,0.618869937870632,1532
"inter-pool (A x B)",4.78467177164331,0.6200806399171,1538
"inter-pool (A x B)",5.04901364768702,0.600832755431992,1444
"inter-pool (A x B)",5.07138231107399,0.611759756767311,1497
"inter-pool (A x B)",4.44650948014403,0.61400325732035,1508
"inter-pool (A x B)",5.19770844353429,0.611555394056826,1496
"inter-pool (A x B)",4.63796501522716,0.601664358259653,1448
"inter-pool (A x B)",4.75559145504315,0.604359164735673,1461
"inter-pool (A x B)",4.6284658606356,0.616846820531645,1522
"inter-pool (A x B)",4.6290222702289,0.609918027279076,1488
"inter-pool (A x B)",5.5645853538346,0.601456565347823,1447
"inter-pool (A x B)",4.2849263282173,0.62509999200128,1563
"inter-pool (A x B)",5.17545500735724,0.607865116617165,1478
"inter-pool (A x B)",4.87097705147517,0.60559887714559,1467
"inter-pool (A x B)",5.3897848333817,0.608276253029822,1480
"inter-pool (A x B)",4.94555880350131,0.605805249234438,1468
"inter-pool (A x B)",5.11863631365878,0.605598877145591,1467
"inter-pool (A x B)",5.25434285693905,0.612780547994141,1502
"inter-pool (A x B)",5.48431154889756,0.610327780786685,1490
"inter-pool (A x B)",4.79597641553809,0.604565960007673,1462
"within-pool (A x A)",4.60845200372618,0.559687412758229,1253
"within-pool (A x A)",4.63492935725953,0.570745127005041,1303
"within-pool (A x A)",4.82302886796974,0.558569601750758,1248
"within-pool (A x A)",4.36980714830647,0.561471281545192,1261
"within-pool (A x A)",5.06887094482236,0.565464410904878,1279
"within-pool (A x A)",4.90298127894181,0.560580056726958,1257
"within-pool (A x A)",4.72838884971944,0.565685424949238,1280
"within-pool (A x A)",4.23372007725922,0.570526073023837,1302
"within-pool (A x A)",4.47628229958692,0.562583327161408,1266
"within-pool (A x A)",4.63852596120713,0.563249500665558,1269
"within-pool (A x A)",4.78287491685814,0.566127194188727,1282
"within-pool (A x A)",4.54221741051036,0.557673739743948,1244
"within-pool (A x A)",4.49879495430194,0.557673739743948,1244
"within-pool (A x A)",4.53405947010877,0.555427763079952,1234
"within-pool (A x A)",4.68196111239521,0.556102508535972,1237
"within-pool (A x A)",4.37061822288415,0.570964096944808,1304
"within-pool (A x A)",4.7942190067699,0.559016994374947,1250
"within-pool (A x A)",4.51314187771921,0.565685424949238,1280
"within-pool (A x A)",4.26735650909348,0.559687412758229,1253
"within-pool (A x A)",4.56720903439533,0.563471383479232,1270
"within-pool (A x A)",4.93637402587868,0.562138772902208,1264
"within-pool (A x A)",4.17086902270113,0.562138772902208,1264
"within-pool (A x A)",4.69801386683619,0.568990333837052,1295
"within-pool (A x A)",4.21546293541156,0.561693866799345,1262
"within-pool (A x A)",4.34243331643375,0.561916363883452,1263
"within-pool (A x A)",4.35045398532196,0.560133912560202,1255
"within-pool (A x A)",4.7997806513534,0.577711000414567,1335
"within-pool (A x A)",4.45032561137568,0.555202665699652,1233
"within-pool (A x A)",4.85827309161062,0.571620503481112,1307
"within-pool (A x A)",4.14909449149948,0.557449549286749,1243
"within-pool (A x A)",4.26213853167645,0.565243310442503,1278
"within-pool (A x A)",4.70979632596828,0.551815186452856,1218
"within-pool (A x A)",4.81103197653377,0.569649014745044,1298
"within-pool (A x A)",4.51886935303562,0.559687412758229,1253
"within-pool (A x A)",4.911250731504,0.563471383479232,1270
"within-pool (A x A)",4.34945583651794,0.569649014745044,1298
"within-pool (A x A)",4.74207217863765,0.558121850495033,1246
"within-pool (A x A)",5.1081988528336,0.565685424949238,1280
"within-pool (A x A)",4.2374439888928,0.561471281545192,1261
"within-pool (A x A)",4.27101024546939,0.565685424949238,1280
"within-pool (A x A)",4.49219900675464,0.565243310442503,1278
"within-pool (A x A)",4.36137323194825,0.557897840110535,1245
"within-pool (A x A)",5.30836727493404,0.565243310442503,1278
"within-pool (A x A)",4.59990204441665,0.554526825320471,1230
"within-pool (A x A)",4.40730156034677,0.565906352676837,1281
"within-pool (A x A)",4.50782888452274,0.554977477020465,1232
"within-pool (A x A)",4.36490643936253,0.557000897665345,1241
"within-pool (A x A)",4.94088150074025,0.568990333837052,1295
"within-pool (A x A)",4.45956632912668,0.562805472610208,1267
"within-pool (A x A)",4.55638994488338,0.559240556469218,1251
"within-pool (A x A)",4.78772668769141,0.554301362076624,1229
"within-pool (A x A)",5.05217369990366,0.554301362076624,1229
"within-pool (A x A)",4.18833246193598,0.563249500665558,1269
"within-pool (A x A)",4.20261872021603,0.553172667437573,1224
"within-pool (A x A)",5.04687458323232,0.576411311478184,1329
"within-pool (A x A)",4.66231676306024,0.573803102117791,1317
"within-pool (A x A)",4.94403193077875,0.567890834580027,1290
"within-pool (A x A)",4.92093977246902,0.563693178954651,1271
"within-pool (A x A)",4.93413462953134,0.568550789287993,1293
"within-pool (A x A)",5.20352764222607,0.567230112035671,1287
"within-pool (A x A)",4.41966455842,0.574456264653803,1320
"within-pool (A x A)",4.4755287221485,0.571839138219832,1308
"within-pool (A x A)",4.4221671263448,0.561248608016091,1260
"within-pool (A x A)",4.32414069619062,0.561471281545192,1261
"within-pool (A x A)",3.91716764615591,0.554075807087803,1228
"within-pool (A x A)",4.77127671792886,0.567230112035671,1287
"within-pool (A x A)",4.26131861749213,0.569429539100318,1297
"within-pool (A x A)",4.77045022661385,0.554526825320471,1230
"within-pool (A x A)",3.95306531704423,0.551815186452856,1218
"within-pool (A x A)",4.85876799711229,0.562805472610208,1267
"within-pool (A x A)",5.09760556378508,0.573149195236284,1314
"within-pool (A x A)",5.06526495160702,0.56811090466563,1291
"within-pool (A x A)",4.87688207692729,0.562583327161408,1266
"within-pool (A x A)",4.69323906229404,0.564800849857718,1276
"within-pool (A x A)",4.53993408706651,0.565906352676837,1281
"within-pool (A x A)",4.71679463585915,0.565464410904878,1279
"within-pool (A x A)",4.40494249898636,0.565464410904877,1279
"within-pool (A x A)",4.65996544496857,0.565685424949238,1280
"within-pool (A x A)",4.96737146337482,0.566347949585765,1283
"within-pool (A x A)",5.00833752753122,0.570964096944808,1304
"within-pool (A x A)",5.26732801284932,0.565022123460666,1277
"within-pool (A x A)",4.6176086344078,0.55879334283794,1249
"within-pool (A x A)",4.02243553472764,0.568990333837052,1295
"within-pool (A x A)",4.42491308169974,0.570087712549569,1300
"within-pool (A x A)",4.51263023321151,0.558345771005745,1247
"within-pool (A x A)",4.54793503526243,0.567009700093393,1286
"within-pool (A x A)",4.646086862621,0.564800849857718,1276
"within-pool (A x A)",4.17175641830714,0.5623610939601,1265
"within-pool (A x A)",4.43741651163707,0.55879334283794,1249
"within-pool (A x A)",4.64348878404464,0.570306934904355,1301
"within-pool (A x A)",4.45428408927226,0.566347949585765,1283
"within-pool (A x A)",4.99514393990139,0.558121850495033,1246
"within-pool (A x A)",4.50001536190889,0.563693178954651,1271
"within-pool (A x A)",4.0711121018374,0.556551884373775,1239
"within-pool (A x A)",4.52842265066697,0.565464410904878,1279
"within-pool (A x A)",4.85781851382121,0.565243310442503,1278
"within-pool (A x A)",4.48556357083911,0.561248608016091,1260
"within-pool (A x A)",4.52615576341071,0.567890834580027,1290
"within-pool (A x A)",4.85618622566791,0.560133912560202,1255
"within-pool (A x A)",4.5419068312566,0.571839138219832,1308
"within-pool (A x A)",4.99130741474973,0.554301362076624,1229
"within-pool (A x A)",4.39012953814501,0.568330889535313,1292
"within-pool (A x A)",4.39525891888886,0.559464029227974,1252
"within-pool (A x A)",4.87199178240154,0.55879334283794,1249
"within-pool (A x A)",4.86589899768549,0.570526073023837,1302
"within-pool (A x A)",4.17643230199886,0.562805472610208,1267
"within-pool (A x A)",5.12385496993101,0.574891294072192,1322
"within-pool (A x A)",5.08986020244399,0.563693178954651,1271
"within-pool (A x A)",4.7589432320346,0.573149195236284,1314
"within-pool (A x A)",4.72264688436588,0.574456264653804,1320
"within-pool (A x A)",4.49622139470567,0.570526073023836,1302
"within-pool (A x A)",4.63015826660494,0.565685424949238,1280
"within-pool (A x A)",4.44497028347415,0.558121850495033,1246
"within-pool (A x A)",4.51490072887891,0.577927331071996,1336
"within-pool (A x A)",4.34420254025304,0.567890834580027,1290
"within-pool (A x A)",4.92614269658542,0.562583327161408,1266
"within-pool (A x A)",4.34209701314233,0.562805472610208,1267
"within-pool (A x A)",5.08295040796895,0.560133912560202,1255
"within-pool (A x A)",4.16339936723656,0.561693866799345,1262
"within-pool (A x A)",4.73657431653603,0.563471383479233,1270
"within-pool (A x A)",4.40191850158866,0.557449549286749,1243
"within-pool (A x A)",4.68417418478041,0.561471281545192,1261
"within-pool (A x A)",5.10109948830617,0.56457948953181,1275
"within-pool (A x A)",4.54065114370976,0.570526073023837,1302
"within-pool (A x A)",4.97416550471986,0.566127194188727,1282
"within-pool (A x A)",4.58360308264057,0.56457948953181,1275
"within-pool (A x A)",4.95174910680344,0.566789202437732,1285
"within-pool (A x A)",4.89148988116717,0.571182982939793,1305
"within-pool (A x A)",5.1128288285088,0.569209978830308,1296
"within-pool (A x A)",4.18337641041888,0.570745127005041,1303
"within-pool (A x A)",4.66969358450035,0.563914887194867,1272
"within-pool (A x A)",4.50962364218742,0.563693178954651,1271
"within-pool (A x A)",4.24036217820542,0.563471383479232,1270
"within-pool (A x A)",4.41124683964938,0.563249500665557,1269
"within-pool (A x A)",4.82830123588695,0.570306934904355,1301
"within-pool (A x A)",4.69963270964502,0.55744954928675,1243
"within-pool (A x A)",4.0484304370037,0.563693178954652,1271
"within-pool (A x A)",4.27215000642286,0.556327241828045,1238
"within-pool (A x A)",4.57473581665818,0.55385016024192,1227
"within-pool (A x A)",4.59285362384922,0.563914887194867,1272
"within-pool (A x A)",4.68025200096835,0.560580056726959,1257
"within-pool (A x A)",4.42055388915086,0.554301362076624,1229
"within-pool (A x A)",4.35114816065551,0.556551884373775,1239
"within-pool (A x A)",4.88101760545461,0.572494541458693,1311
"within-pool (A x A)",4.39849942816568,0.555427763079952,1234
"within-pool (A x A)",4.59104898542193,0.551361950083609,1216
"within-pool (A x A)",4.94255797483744,0.562138772902208,1264
"within-pool (A x A)",4.52130464108594,0.574891294072192,1322
"within-pool (A x A)",4.14460229442175,0.56302753041037,1268
"within-pool (A x A)",4.29392379670832,0.568330889535313,1292
"within-pool (A x A)",4.41345237387263,0.562583327161408,1266
"within-pool (A x A)",5.43270319305629,0.560133912560202,1255
"within-pool (A x A)",4.48181930388666,0.565022123460666,1277
"within-pool (A x A)",4.51926021138847,0.558121850495033,1246
"within-pool (A x A)",4.575474181252,0.567670679179399,1289
"within-pool (A x A)",5.14252363844593,0.570306934904355,1301
"within-pool (A x A)",4.99730431904049,0.55744954928675,1243
"within-pool (A x A)",4.5189918329647,0.557673739743948,1244
"within-pool (A x A)",4.88764788592021,0.557673739743948,1244
"within-pool (A x A)",4.97311557614632,0.564358042380898,1274
"within-pool (A x A)",4.74124116879238,0.564579489531811,1275
"within-pool (A x A)",4.5343259503759,0.559910707166777,1254
"within-pool (A x A)",4.85684634188824,0.558793342837941,1249
"within-pool (A x A)",4.54490390473629,0.560357029044876,1256
"within-pool (A x A)",4.42527587645407,0.568770604022395,1294
"within-pool (A x A)",4.65713440392555,0.557897840110535,1245
"within-pool (A x A)",4.8696205377043,0.561693866799345,1262
"within-pool (A x A)",5.00822299557977,0.563471383479232,1270
"within-pool (A x A)",4.50015979253733,0.56302753041037,1268
"within-pool (A x A)",4.87187169683248,0.564136508302733,1273
"within-pool (A x A)",4.38600828112282,0.556551884373775,1239
"within-pool (A x A)",4.91628701091048,0.5623610939601,1265
"within-pool (A x A)",4.72678054702224,0.557897840110535,1245
"within-pool (A x A)",5.16453388156435,0.567230112035671,1287
"within-pool (A x A)",4.81151887157643,0.559016994374947,1250
"within-pool (A x A)",4.4994773255767,0.551815186452856,1218
"within-pool (A x A)",4.15918009377464,0.554075807087803,1228
"within-pool (A x A)",4.7548019380183,0.56302753041037,1268
"within-pool (A x A)",4.85921286047717,0.563471383479232,1270
"within-pool (A x A)",4.89686377511203,0.561471281545192,1261
"within-pool (A x A)",4.38233906722327,0.556102508535971,1237
"within-pool (A x A)",4.54900809081402,0.573149195236284,1314
"within-pool (A x A)",4.79402640276036,0.57835974963685,1338
"within-pool (A x A)",4.6004876649723,0.556102508535971,1237
"within-pool (A x A)",5.04326921150527,0.576194411635517,1328
"within-pool (A x A)",4.49636414673934,0.56302753041037,1268
"within-pool (A x A)",4.58013463463046,0.560133912560203,1255
"within-pool (A x A)",4.530841709192,0.563249500665557,1269
"within-pool (A x A)",4.57748812606458,0.561916363883452,1263
"within-pool (A x A)",4.86543541128935,0.564358042380898,1274
"within-pool (A x A)",5.07747709366089,0.564358042380898,1274
"within-pool (A x A)",4.55741874183514,0.562805472610208,1267
"within-pool (A x A)",4.63310752975873,0.567009700093393,1286
"within-pool (A x A)",4.68952335464535,0.565685424949238,1280
"within-pool (A x A)",4.80740413759873,0.558569601750758,1248
"within-pool (A x A)",4.56281800271452,0.544058820349418,1184
"within-pool (A x A)",4.04440301682102,0.555877684387492,1236
"within-pool (A x A)",4.77816076596199,0.554526825320471,1230
"within-pool (A x A)",4.8685390655967,0.560580056726958,1257
"within-pool (A x A)",4.64995465849132,0.562583327161408,1266
"within-pool (A x A)",4.19256759520279,0.559687412758229,1253
"within-pool (A x A)",4.76102833018429,0.567009700093393,1286
"within-pool (A x A)",4.22410071225492,0.570087712549569,1300
"within-pool (A x A)",4.77225186957309,0.565464410904878,1279
"within-pool (A x A)",4.86519039805227,0.558121850495033,1246
"within-pool (A x A)",4.7724707741783,0.561248608016091,1260
"within-pool (A x A)",4.26605444273089,0.558345771005745,1247
"within-pool (A x A)",4.34256943155076,0.562583327161408,1266
"within-pool (A x A)",4.29034681806643,0.577494588719236,1334
"within-pool (A x A)",4.41116168923572,0.566789202437732,1285
"within-pool (A x A)",4.692045610107,0.556327241828045,1238
"within-pool (A x A)",4.64383176976267,0.564136508302734,1273
"within-pool (A x A)",4.0671196122458,0.553850160241919,1227
"within-pool (A x A)",4.61560740182328,0.561025846106933,1259
"within-pool (A x A)",4.58271885620612,0.564136508302733,1273
"within-pool (A x A)",4.87829458031095,0.568330889535313,1292
"within-pool (A x A)",4.41839817126485,0.565022123460666,1277
"within-pool (A x A)",4.13006561922622,0.551588614820865,1217
"within-pool (A x A)",4.26260210665956,0.570306934904355,1301
"within-pool (A x A)",4.45187938354009,0.561248608016091,1260
"within-pool (A x A)",4.58366288739228,0.557897840110535,1245
"within-pool (A x A)",4.75793892706906,0.567890834580027,1290
"within-pool (A x A)",4.90106661536727,0.557673739743948,1244
"within-pool (A x A)",4.77415313697883,0.575325994545701,1324
"within-pool (A x A)",4.67090538113227,0.570306934904355,1301
"within-pool (A x A)",4.43047099997059,0.562805472610208,1267
"within-pool (A x A)",4.65802679807554,0.565906352676836,1281
"within-pool (A x A)",4.52800820735196,0.556776436283002,1240
"within-pool (A x A)",4.3551868085909,0.564800849857718,1276
"within-pool (A x A)",4.94994975839619,0.564800849857718,1276
"within-pool (A x A)",4.67583719466006,0.567009700093393,1286
"within-pool (A x A)",4.50820341954621,0.565464410904878,1279
"within-pool (A x A)",4.54039036924877,0.563471383479233,1270
"within-pool (A x A)",4.74879430904906,0.554752196931206,1231
"within-pool (A x A)",5.03952179014783,0.557673739743948,1244
"within-pool (A x A)",4.90426219030807,0.564579489531811,1275
"within-pool (A x A)",4.65339867316326,0.564579489531811,1275
"within-pool (A x A)",4.52581637806394,0.559687412758229,1253
"within-pool (A x A)",4.76471612413929,0.555427763079953,1234
"within-pool (A x A)",4.49913044353128,0.560357029044876,1256
"within-pool (A x A)",4.9130931492149,0.574673820527784,1321
"within-pool (A x A)",4.35268527188154,0.565906352676837,1281
"within-pool (A x A)",4.85942492473898,0.565243310442503,1278
"within-pool (A x A)",4.21520639583157,0.565685424949238,1280
"within-pool (A x A)",4.78959111758366,0.565243310442503,1278
"within-pool (A x A)",4.94973681899487,0.572712842531054,1312
"within-pool (A x A)",4.63988360818699,0.567890834580027,1290
"within-pool (A x A)",4.1883733029719,0.560580056726958,1257
"within-pool (A x A)",5.03358763688642,0.562583327161408,1266
"within-pool (A x A)",4.60293185324843,0.565243310442503,1278
"within-pool (A x A)",4.51733621238944,0.563471383479232,1270
"within-pool (A x A)",4.66288840405916,0.573585215987999,1316
"within-pool (A x A)",4.55011359485756,0.569209978830308,1296
"within-pool (A x A)",4.43129238562868,0.567009700093393,1286
"within-pool (A x A)",4.2701633720601,0.556102508535971,1237
"within-pool (A x A)",4.91161435682337,0.571401785086466,1306
"within-pool (A x A)",4.73942694106043,0.565022123460666,1277
"within-pool (A x A)",4.58243624288797,0.556327241828045,1238
"within-pool (A x A)",4.59733154118786,0.559687412758229,1253
"within-pool (A x A)",4.70562205223242,0.561471281545192,1261
"within-pool (A x A)",3.89259868417725,0.549317758678891,1207
"within-pool (A x A)",4.72539849372268,0.571620503481112,1307
"within-pool (A x A)",4.42752674988066,0.56811090466563,1291
"within-pool (A x A)",4.63438357253476,0.552720544217419,1222
"within-pool (A x A)",4.96038621820848,0.571839138219832,1308
"within-pool (A x A)",4.10436574449556,0.561025846106933,1259
"within-pool (A x A)",4.24828053877973,0.561916363883452,1263
"within-pool (A x A)",4.34161880614286,0.554977477020464,1232
"within-pool (A x A)",4.72786033533008,0.560133912560202,1255
"within-pool (A x A)",4.292049452307,0.567009700093393,1286
"within-pool (A x A)",4.68949366380411,0.568550789287993,1293
"within-pool (A x A)",4.47209665622353,0.565906352676837,1281
"within-pool (A x A)",4.78087836958751,0.560357029044876,1256
"within-pool (A x A)",4.83766297219208,0.56302753041037,1268
"within-pool (A x A)",4.05247233358346,0.563914887194867,1272
"within-pool (A x A)",4.88640525412417,0.5623610939601,1265
"within-pool (A x A)",4.77553817181809,0.558121850495033,1246
"within-pool (A x A)",4.60608307330674,0.557673739743948,1244
"within-pool (A x A)",4.66991592221977,0.558345771005745,1247
"within-pool (A x A)",5.17434954145293,0.564800849857718,1276
"within-pool (A x A)",4.75571120229672,0.564136508302733,1273
"within-pool (A x A)",4.64574041205839,0.561693866799345,1262
"within-pool (A x A)",4.81022753845373,0.558793342837941,1249
"within-pool (A x A)",4.09861303999914,0.559016994374947,1250
"within-pool (A x A)",4.60005006775182,0.562138772902208,1264
"within-pool (A x A)",4.89808577843905,0.567009700093393,1286
"within-pool (A x A)",4.63897023694678,0.564358042380898,1274
"within-pool (A x A)",4.87251177356555,0.566347949585765,1283
"within-pool (A x A)",4.58084830063116,0.569209978830308,1296
"within-pool (A x A)",4.63483675044518,0.560580056726959,1257
"within-pool (A x A)",4.79797571738216,0.575108685380425,1323
"within-pool (A x A)",4.87368264587272,0.567450438364445,1288
"within-pool (A x A)",4.75611056248265,0.571620503481112,1307
"within-pool (A x A)",5.12422165736936,0.566789202437732,1285
"within-pool (A x A)",4.83082048345529,0.565906352676837,1281
"within-pool (A x A)",4.64460115572948,0.565685424949238,1280
"within-pool (A x A)",4.78599639542152,0.561916363883452,1263
"within-pool (A x A)",4.63078300125696,0.562805472610208,1267
"within-pool (A x A)",4.20808540440413,0.577927331071996,1336
"within-pool (A x A)",4.48000988724673,0.550454357780915,1212
