"cycle","index","GD","GD_pool","gd_ref","alpha","theta","F_hom","F_drift","GD_BS","GD_T","theta_A","theta_B","Ns","max_line","var_g","var_genic","budget","selector"
0,1.53156018434653,0.315881458333333,0.3280928,0.325827530902778,0.0305255745022116,0.684118541666667,0.04065577163213,0.0402589980699986,0.046109375,0.315881458333333,0.723780833333333,0.736675,0.730867487938403,12,1,1.12103664123217,"unconstrained","de"
1,2.4160968460305,0.295047152777778,0.3103172,0.308252034027778,0.0428379371174239,0.704952847222222,0.0963399123777766,0.101395179684419,0.0626686805555556,0.295047152777778,0.776588888888889,0.758654166666667,0.709267296344978,19,0.600894345499349,0.989529886687297,"unconstrained","de"
2,3.44570427208885,0.268904930555556,0.2862016,0.284366854166667,0.0543731570137529,0.731095069444444,0.175303010940857,0.181865181947669,0.0901339583333334,0.268904930555556,0.832930833333333,0.809527222222222,0.683905583414682,16,0.413338598971182,0.777810916523696,"unconstrained","de"
3,4.21836417271582,0.247610138888889,0.2645344,0.263189107986111,0.0591930616598476,0.752389861111111,0.245025671595084,0.248683730247574,0.114119305555556,0.247610138888889,0.859295,0.873723333333333,0.664549093287371,18,0.336049308760713,0.629842139145378,"unconstrained","de"
4,5.21667622056084,0.236261527777778,0.2484692,0.247314214930556,0.044690868884675,0.763738472222222,0.279395597659133,0.284338790683768,0.124630416666667,0.236261527777778,0.889296111111111,0.887441666666667,0.654674365879681,23,0.310416337849759,0.47689820415915,"unconstrained","de"
5,6.05899222728926,0.213161805555556,0.2387316,0.237973284722222,0.104261615734003,0.786838194444444,0.349425266382074,0.360737921240014,0.146970972222222,0.213161805555556,0.936755833333333,0.9308625,0.635454663398782,12,0.353863467234698,0.351945116379153,"unconstrained","de"
6,6.71816021649736,0.196596736111111,0.2085224,0.208061432986111,0.0551024604149744,0.803403263888889,0.401511684504723,0.414696114885458,0.161266875,0.196596736111111,0.952527777777778,0.9768125,0.622352462920975,17,0.14717574043346,0.18231540706294,"unconstrained","de"
7,7.11322786558234,0.191129097222222,0.1942084,0.193966944444444,0.01463057136024,0.808870902777778,0.41784711526968,0.430375882287249,0.164579236111111,0.191129097222222,0.960408055555556,0.986492222222222,0.618145612956195,23,0.0393447890962127,0.0733269223099347,"unconstrained","de"
8,7.40157116000364,0.18455125,0.1896476,0.189460377430556,0.0259111034039551,0.81544875,0.436002297050001,0.452471587364131,0.170481805555555,0.18455125,0.982712222222222,0.989148888888889,0.613159318718681,10,0.0271691980849039,0.0449774718384689,"unconstrained","de"
9,7.6345186104081,0.184104097222222,0.1839328,0.183818041666667,-0.00155618867964144,0.815895902777778,0.437915476799351,0.449074279932169,0.168658680555556,0.184104097222222,0.978825833333333,0.990283333333333,0.612823275981302,24,0.00991398745909356,0.0197828998064611,"unconstrained","de"
10,7.83770425599906,0.181348958333333,0.1835936,0.18348291875,0.0116302946955747,0.818651041666667,0.44553855343489,0.461380781792842,0.169465486111111,0.181348958333333,0.985189166666667,0.991043888888889,0.610760842595479,23,0.0142599744246701,0.0225949238472394,"unconstrained","de"
11,7.93184212149005,0.181098611111111,0.181616,0.1815411625,0.00243774680515709,0.818901388888889,0.446417858781545,0.461694212629879,0.170436944444444,0.181098611111111,0.986965277777778,0.991711388888889,0.610574126242985,21,0.00569853293786176,0.00894851429443022,"unconstrained","de"
12,7.9856848545794,0.180079930555556,0.1806152,0.180556135416667,0.00263743383747192,0.819920069444444,0.45024555770573,0.469220738851376,0.171823402777778,0.180079930555555,0.991328888888889,0.992158055555556,0.609815540115741,25,0.000754169150362084,0.0016909335273449,"unconstrained","de"
0,1.38896251508618,0.319383055555556,0.3280928,0.325827530902778,0.0197787931835175,0.680616944444444,0.0298497337826422,0.0293309299969956,0.0430697222222223,0.319383055555556,0.720365555555556,0.727007777777778,0.734627611142015,10,1,1.12103664123217,"0.020","de"
1,2.61001612554401,0.306010833333333,0.3141952,0.312238098263889,0.0199439625246902,0.693989166666667,0.068745300462602,0.078013869801324,0.0591441666666667,0.306010833333333,0.750506111111111,0.755760555555556,0.720472341667197,16,0.81948237429183,1.00526906900952,"0.020","de"
2,3.59732047581889,0.292169375,0.2997896,0.298080222222222,0.0198297195907741,0.707830625,0.104391348204681,0.125399624724662,0.0734747916666665,0.292169375,0.788499722222222,0.774111111111111,0.706383677592362,11,0.84729962983075,0.906737797888908,"0.020","de"
3,4.57719404227624,0.281027152777778,0.2885144,0.286738464583333,0.0199181920495208,0.718972847222222,0.143376989788398,0.15959196860241,0.0846628472222221,0.281027152777778,0.811053611111111,0.796217777777778,0.695436554985029,13,0.747918688972322,0.829922667521627,"0.020","de"
4,5.52802277991737,0.270980625,0.277884,0.276482095833333,0.0198981088332378,0.729019375,0.178234472146403,0.192797411731268,0.0982313194444445,0.270980625,0.839173611111111,0.815327777777778,0.685852827985539,11,0.492581437605476,0.678408130162747,"0.020","de"
5,6.35205566378889,0.259333888888889,0.2657396,0.264614212847222,0.0199548009969592,0.740666111111111,0.210013422896146,0.23253045195022,0.112376388888889,0.259333888888889,0.875375833333333,0.830709166666667,0.67506801310232,13,0.331532231538902,0.582576807997195,"0.020","de"
6,7.11327349493495,0.250167986111111,0.2558376,0.254851170833333,0.0183761554122303,0.749832013888889,0.233347536918635,0.271747168335613,0.123142013888889,0.250167986111111,0.898178055555556,0.84777,0.66681602110695,13,0.324746388022877,0.468927441720155,"0.020","de"
7,7.88996805864995,0.241605486111111,0.2474732,0.246492316319444,0.0198254869819156,0.758394513888889,0.256963090570776,0.300255971400507,0.130251180555556,0.241605486111111,0.912053888888889,0.8652375,0.659287469573197,13,0.227888866401348,0.36199370818931,"0.020","de"
8,8.44274432131825,0.236807916666667,0.242176,0.241329544791667,0.0187363222721171,0.763192083333333,0.27686451359688,0.316539337951691,0.134310694444444,0.236807916666667,0.919314444444445,0.875691111111111,0.655143064136868,16,0.16755342514849,0.300867701575829,"0.020","de"
9,8.98581502888819,0.231060347222222,0.2364304,0.235651634375,0.0194833664742231,0.768939652777778,0.294421359476759,0.340095253882291,0.140320486111111,0.231060347222222,0.927790277777778,0.89073,0.650246086534569,13,0.145237085447318,0.253927559314179,"0.020","de"
10,9.53478278744017,0.226096041666667,0.2313136,0.230682446180556,0.0198818964764191,0.773903958333333,0.309061970694283,0.356949249183628,0.143583125,0.226096041666667,0.931480555555556,0.903493611111111,0.646075000154789,12,0.190210310382075,0.231533639876366,"0.020","de"
11,10.014883450703,0.220876666666667,0.2259872,0.22536150625,0.0199006461128203,0.779123333333333,0.322843929990334,0.377737902768481,0.150395277777778,0.220876666666667,0.945778333333333,0.913258888888889,0.641746920684359,15,0.157162769538768,0.191974658499998,"0.020","de"
12,10.4666642673802,0.215414583333333,0.21976,0.219224517013889,0.0173791404923665,0.784585416666667,0.337014278080656,0.397617143232491,0.154385694444444,0.215414583333333,0.957734166666667,0.920208055555556,0.637279242487407,15,0.082962078773198,0.1374620357148,"0.020","de"
0,1.53156018434653,0.315881458333333,0.3280928,0.325827530902778,0.0305255745022116,0.684118541666667,0.04065577163213,0.0402589980699986,0.046109375,0.315881458333333,0.723780833333333,0.736675,0.730867487938403,12,1,1.12103664123217,"unconstrained","greedy"
1,3.01467350201101,0.297256805555556,0.30856,0.306870497569444,0.0313281729264747,0.702743194444444,0.0945967747007633,0.0955783048394539,0.064344861111111,0.297256805555556,0.763560833333333,0.770615277777778,0.711497463017449,17,0.535025608027424,0.989574496762105,"unconstrained","greedy"
2,4.56504308810496,0.271409513888889,0.2918624,0.290361864583333,0.0652714870860914,0.728590486111111,0.177715369228345,0.181201683636889,0.0907765972222222,0.271409513888889,0.803690833333333,0.835043333333333,0.686256559111519,18,0.620063602754785,0.881426006700298,"unconstrained","greedy"
3,5.63129710041906,0.242336527777778,0.268144,0.267033428819444,0.092486177295673,0.757663472222222,0.271271878576114,0.272207335898726,0.11772875,0.242336527777778,0.893924722222222,0.856859722222222,0.659923591846791,25,0.366764489878759,0.675004719669517,"unconstrained","greedy"
4,6.60439151532747,0.216131944444444,0.2433216,0.242241414583333,0.107782850359417,0.783868055555556,0.353726743328572,0.342549591780534,0.1413325,0.216131944444445,0.949589444444445,0.900811666666667,0.637862452049576,13,0.345247454289392,0.45218774520777,"unconstrained","greedy"
5,7.34472655560896,0.209053402777778,0.214298,0.213829014236111,0.0223337860645054,0.790946597222222,0.376774763873223,0.36251613626662,0.147642986111111,0.209053402777778,0.951372222222222,0.925806944444444,0.632153930184393,15,0.12451852177213,0.231463012703866,"unconstrained","greedy"
6,8.03347820213353,0.202442708333333,0.2059876,0.205418672916667,0.0144873128673195,0.797557291666667,0.396886261007221,0.383611388185261,0.151886180555556,0.202442708333333,0.958169444444445,0.9407175,0.626914210708478,16,0.107802730042716,0.160487351182313,"unconstrained","greedy"
7,8.64049481576926,0.196324930555556,0.2028188,0.202388015277778,0.0299577260733578,0.803675069444444,0.415188396211856,0.397881121569904,0.155703958333333,0.196324930555556,0.969163055555556,0.949595,0.622141981268169,17,0.112641292265147,0.124985485274485,"unconstrained","greedy"
8,9.0829983796836,0.191611319444444,0.195086,0.194742153472222,0.016076817329764,0.808388680555556,0.432116436251276,0.409756703221657,0.161117569444445,0.191611319444445,0.977809444444444,0.961203055555556,0.618514350864464,20,0.0677991627050994,0.0770410937140211,"unconstrained","greedy"
9,9.4957263395804,0.188023333333333,0.1909724,0.190773136805556,0.0144139972653747,0.811976666666667,0.444662586517126,0.420567785630764,0.166025833333334,0.188023333333333,0.984520833333333,0.971484166666667,0.615781241661296,13,0.0554933747098054,0.049359192363831,"unconstrained","greedy"
10,9.6424855126327,0.185741527777778,0.1872204,0.187033882638889,0.00690973658289676,0.814258472222222,0.451824079467717,0.428673262053943,0.167635138888889,0.185741527777778,0.984358611111111,0.979428611111111,0.614055631052179,20,0.0128622384589033,0.0206041608576829,"unconstrained","greedy"
11,9.74663333163972,0.18442375,0.1856444,0.185507791319444,0.00584364307145316,0.81557625,0.456140042996112,0.434212385177264,0.169289027777778,0.18442375,0.986809444444445,0.982921111111111,0.61306346279701,21,0.0046531545541394,0.00763964426284438,"unconstrained","greedy"
12,9.84358606323516,0.182894027777778,0.1841628,0.184054252083333,0.00630370824049361,0.817105972222222,0.45996338639853,0.437208366312814,0.170049861111111,0.182894027777778,0.988221944444444,0.986089722222222,0.611915733084397,14,0.00310859222861294,0.0054121958422183,"unconstrained","greedy"
0,1.37497044777657,0.320049097222222,0.3280928,0.325827530902778,0.0177346391342228,0.679950902777778,0.0256536788564564,0.0312024654653885,0.0435017361111112,0.320049097222222,0.718329166666667,0.728576111111111,0.735347211037398,12,1,1.12103664123217,"0.020","greedy"
1,2.9923922672759,0.308317222222222,0.3166112,0.314447460763889,0.019495271250639,0.691682777777778,0.0538961314461747,0.0773234323166305,0.0591719444444444,0.308317222222222,0.748241944444445,0.7534675,0.722874728219182,14,0.928521449036598,1.0412648463083,"0.020","greedy"
2,4.0649280124585,0.298700138888889,0.3060416,0.304229691666667,0.0181755855172621,0.701299861111111,0.0786788677509119,0.116246429345727,0.0707306944444445,0.298700138888889,0.784456944444444,0.759604166666667,0.71296178386207,15,0.870028546580861,0.881915649939751,"0.020","greedy"
3,4.83034405921582,0.290692569444444,0.2957268,0.294061714930556,0.0114572734737222,0.709307430555556,0.101423844284131,0.145155592020274,0.0786815972222223,0.290692569444444,0.793089166666667,0.782888888888889,0.704912959403769,11,1.06137118837608,0.798949689649197,"0.020","greedy"
4,5.98339839626417,0.282111805555556,0.289556,0.287728762152778,0.0195217070243387,0.717888194444444,0.127593580282937,0.186344585394867,0.091940138888889,0.282111805555556,0.812878055555556,0.806778611111111,0.696487285721334,14,0.91193984996036,0.73284182354924,"0.020","greedy"
5,6.5927015658925,0.275843611111111,0.2790964,0.277689403125,0.00664696597391594,0.724156388888889,0.140196540197391,0.217956010853862,0.101783611111111,0.275843611111111,0.833414166666667,0.818465833333333,0.690458591088558,12,0.610421771035767,0.634235431035053,"0.020","greedy"
6,7.76769743790853,0.265466944444444,0.270646,0.269217595486111,0.0139316712746594,0.734533055555556,0.165559034925669,0.262401038214963,0.114188888888889,0.265466944444445,0.856552777777778,0.840891111111111,0.68070455947259,18,0.598688633788904,0.553848041000831,"0.020","greedy"
7,8.61747115028128,0.258261180555556,0.2616044,0.260493570833333,0.00856984788774722,0.741738819444444,0.187348347313255,0.289801771754892,0.126369930555556,0.258261180555555,0.876058055555555,0.860159444444445,0.674091724597204,13,0.491933786077328,0.453732003156244,"0.020","greedy"
8,9.55981330760232,0.246800208333333,0.2521856,0.251319494444444,0.0179822346097791,0.753199791666667,0.221101603031608,0.325517060370234,0.136389236111111,0.246800208333333,0.893104444444444,0.886073611111111,0.663834490572029,16,0.303465748201825,0.349009015725203,"0.020","greedy"
9,10.0743710513557,0.242654236111111,0.2446664,0.243866591666667,0.00497138844345127,0.757345763888889,0.229924697029603,0.342498034322768,0.139732708333333,0.242654236111111,0.896068055555556,0.898088888888889,0.660200431349287,16,0.325362812767696,0.317446034116934,"0.020","greedy"
10,10.6305730946608,0.2366025,0.2417836,0.241004148611111,0.0182637877251385,0.7633975,0.243915375881203,0.366573253003208,0.147485555555556,0.2366025,0.908594444444444,0.913171666666667,0.654966776810246,11,0.493128296873421,0.299968106526387,"0.020","greedy"
11,11.284636706759,0.231136875,0.2335544,0.232908069444444,0.00760469333960502,0.768863125,0.260735714286298,0.383225957181742,0.153620347222222,0.231136875,0.925898611111111,0.919068333333333,0.650310807921761,14,0.249623163542959,0.227812669045998,"0.020","greedy"
12,11.733047099211,0.227762013888889,0.2298172,0.22938776875,0.00708736507604729,0.772237986111111,0.263848059423438,0.408994682517704,0.160979652777778,0.227762013888889,0.937922222222222,0.928513055555556,0.647468797174734,20,0.15858668960135,0.179527968932548,"0.020","greedy"
