"cycle","index","GD","GD_pool","gd_ref","alpha","theta","F_hom","F_drift","GD_BS","GD_T","theta_A","theta_B","Ns","max_line","budget","seed"
0,1.53156018434653,0.315881458333333,0.3280928,0.325827530902778,0.0305255745022116,0.684118541666667,0.04065577163213,0.0402589980699986,0.046109375,0.315881458333333,0.723780833333333,0.736675,0.730867487938403,12,"unconstrained",1
1,3.01467350201101,0.297256805555556,0.30856,0.306870497569444,0.0313281729264747,0.702743194444444,0.0945967747007633,0.0955783048394539,0.064344861111111,0.297256805555556,0.763560833333333,0.770615277777778,0.711497463017449,17,"unconstrained",1
2,4.56504308810496,0.271409513888889,0.2918624,0.290361864583333,0.0652714870860914,0.728590486111111,0.177715369228345,0.181201683636889,0.0907765972222222,0.271409513888889,0.803690833333333,0.835043333333333,0.686256559111519,18,"unconstrained",1
3,5.63129710041906,0.242336527777778,0.268144,0.267033428819444,0.092486177295673,0.757663472222222,0.271271878576114,0.272207335898726,0.11772875,0.242336527777778,0.893924722222222,0.856859722222222,0.659923591846791,25,"unconstrained",1
4,6.60439151532747,0.216131944444444,0.2433216,0.242241414583333,0.107782850359417,0.783868055555556,0.353726743328572,0.342549591780534,0.1413325,0.216131944444445,0.949589444444445,0.900811666666667,0.637862452049576,13,"unconstrained",1
5,7.34472655560896,0.209053402777778,0.214298,0.213829014236111,0.0223337860645054,0.790946597222222,0.376774763873223,0.36251613626662,0.147642986111111,0.209053402777778,0.951372222222222,0.925806944444444,0.632153930184393,15,"unconstrained",1
6,8.03347820213353,0.202442708333333,0.2059876,0.205418672916667,0.0144873128673195,0.797557291666667,0.396886261007221,0.383611388185261,0.151886180555556,0.202442708333333,0.958169444444445,0.9407175,0.626914210708478,16,"unconstrained",1
7,8.64049481576926,0.196324930555556,0.2028188,0.202388015277778,0.0299577260733578,0.803675069444444,0.415188396211856,0.397881121569904,0.155703958333333,0.196324930555556,0.969163055555556,0.949595,0.622141981268169,17,"unconstrained",1
8,9.0829983796836,0.191611319444444,0.195086,0.194742153472222,0.016076817329764,0.808388680555556,0.432116436251276,0.409756703221657,0.161117569444445,0.191611319444445,0.977809444444444,0.961203055555556,0.618514350864464,20,"unconstrained",1
9,9.4957263395804,0.188023333333333,0.1909724,0.190773136805556,0.0144139972653747,0.811976666666667,0.444662586517126,0.420567785630764,0.166025833333334,0.188023333333333,0.984520833333333,0.971484166666667,0.615781241661296,13,"unconstrained",1
10,9.6424855126327,0.185741527777778,0.1872204,0.187033882638889,0.00690973658289676,0.814258472222222,0.451824079467717,0.428673262053943,0.167635138888889,0.185741527777778,0.984358611111111,0.979428611111111,0.614055631052179,20,"unconstrained",1
11,9.74663333163972,0.18442375,0.1856444,0.185507791319444,0.00584364307145316,0.81557625,0.456140042996112,0.434212385177264,0.169289027777778,0.18442375,0.986809444444445,0.982921111111111,0.61306346279701,21,"unconstrained",1
12,9.84358606323516,0.182894027777778,0.1841628,0.184054252083333,0.00630370824049361,0.817105972222222,0.45996338639853,0.437208366312814,0.170049861111111,0.182894027777778,0.988221944444444,0.986089722222222,0.611915733084397,14,"unconstrained",1
13,9.89669376608022,0.181182708333333,0.1825188,0.182416892708333,0.00676573510641521,0.818817291666667,0.463895038252183,0.442865662504864,0.171258958333333,0.181182708333333,0.990595833333333,0.989556666666667,0.610636835700272,13,"unconstrained",1
14,9.90886746282558,0.179245833333333,0.1808476,0.180768961458333,0.00842582771241455,0.820754166666667,0.468721068940387,0.44881857455915,0.1728875,0.179245833333333,0.990519166666667,0.996764166666667,0.609195810763475,25,"unconstrained",1
15,9.90889683421126,0.178457916666667,0.1788968,0.178852825347222,0.00220800918178891,0.821542083333333,0.470892578275444,0.452260711795219,0.173592083333333,0.178457916666667,0.992638333333333,0.99763,0.608611549114191,18,"unconstrained",1
0,1.70706384178045,0.310462291666667,0.327496,0.325230071875,0.0454071793644264,0.689537708333333,0.059637052483568,0.0393120441904791,0.0457127083333333,0.310462291666667,0.736212222222222,0.734288611111111,0.725123505150341,11,"unconstrained",2
1,2.87604445775689,0.284686180555556,0.3054328,0.303464379166667,0.0618794161696251,0.715313819444444,0.144593218923236,0.106178183067876,0.0663174305555556,0.284686180555556,0.800405555555555,0.762856944444444,0.698993905064395,20,"unconstrained",2
2,4.05816883480349,0.272040208333333,0.2877572,0.286300260069444,0.0498080292789543,0.727959791666667,0.175632192441537,0.145214128804502,0.0787503472222223,0.272040208333333,0.822302777777778,0.7911175,0.686851122443519,12,"unconstrained",2
3,5.21356386985304,0.258839166666667,0.2598916,0.258463454166667,-0.00145363877926697,0.741160833333333,0.217895470326714,0.189642155484735,0.0919405555555557,0.258839166666667,0.852503333333333,0.813699444444444,0.674617407602713,18,"unconstrained",2
4,6.294832610404,0.243347013888889,0.2548548,0.253587802430556,0.0403836006444792,0.756652986111111,0.260002425926646,0.247883724855397,0.107905208333333,0.243347013888889,0.8864725,0.842643888888889,0.66080489891383,15,"unconstrained",2
5,7.34434464487419,0.235528402777778,0.2419868,0.240790230902778,0.0218523322365373,0.764471597222222,0.287320285659353,0.270468995846045,0.115562152777778,0.235528402777778,0.903265555555556,0.856801944444444,0.654046535956072,16,"unconstrained",2
6,8.17392162184299,0.220901527777778,0.2342628,0.233304629166667,0.053162688769576,0.779098472222222,0.334373282678913,0.307253793072798,0.130815972222222,0.220901527777778,0.925607777777778,0.894221111111111,0.641767398893557,16,"unconstrained",2
7,8.9458704270259,0.210896388888889,0.2191612,0.218464465972222,0.0346421421426753,0.789103611111111,0.367542298986897,0.33419445170614,0.139368055555556,0.210896388888889,0.934970277777778,0.921973055555556,0.633630353428451,22,"unconstrained",2
8,9.72606123490187,0.196939444444444,0.2088056,0.2082886375,0.0544878164828149,0.803060555555556,0.410827368912585,0.365028559223729,0.146218888888889,0.196939444444445,0.946205833333333,0.952353055555555,0.622618053571441,18,"unconstrained",2
9,10.11392002054,0.190968611111111,0.1945272,0.194125039236111,0.016259768123786,0.809031388888889,0.429869978375283,0.383269961754353,0.155144722222222,0.190968611111111,0.956917222222222,0.971435,0.618022992515398,19,"unconstrained",2
10,10.4000541539723,0.187416041666667,0.19054,0.190289263194444,0.0150992309263491,0.812583958333333,0.444931098135953,0.389349261929921,0.157581458333333,0.187416041666667,0.964813611111111,0.975517222222222,0.615321032211287,17,"unconstrained",2
11,10.6730085890332,0.183801666666667,0.1864524,0.186229053819444,0.013034417041775,0.816198333333333,0.454026008009696,0.402380738236609,0.159371666666667,0.183801666666667,0.973445833333333,0.977694166666667,0.612596203128733,23,"unconstrained",2
12,10.8418475417208,0.181039513888889,0.183272,0.183090640625,0.0112027940320122,0.818960486111111,0.46356059782442,0.406614637423309,0.160480763888889,0.181039513888889,0.979421944444444,0.979460555555556,0.610530066443478,15,"unconstrained",2
13,11.0363095164124,0.179990763888889,0.1802348,0.180114115277778,0.000684851316059547,0.820009236111111,0.465331598913368,0.409857683291689,0.161859513888889,0.179990763888889,0.983471666666667,0.980265833333333,0.609749229619958,11,"unconstrained",2
14,11.1770800543916,0.178152361111111,0.1791852,0.179045984375,0.00499102656230065,0.821847638888889,0.47108899176159,0.415619131345787,0.163846805555556,0.178152361111111,0.988435277777778,0.982953611111111,0.608385272817701,14,"unconstrained",2
15,11.2817030175331,0.176881944444444,0.177572,0.17747394375,0.00333569702147055,0.823118055555556,0.474233508229941,0.425254098175082,0.167299166666667,0.176881944444444,0.989028055555556,0.991806388888889,0.607446278969704,25,"unconstrained",2
0,1.93522281935279,0.320405208333333,0.3345224,0.332128914583333,0.0352986618605845,0.679594791666667,0.039225819947975,0.0543365359386165,0.0518222916666666,0.320405208333333,0.713537222222222,0.749296944444444,0.735732536698492,23,"unconstrained",3
1,3.13034659801277,0.286859652777778,0.3181408,0.316269990625,0.0929912376103173,0.713140347222222,0.13370210153656,0.163237160528469,0.0873464583333333,0.286859652777778,0.754887777777778,0.846085833333333,0.701124262492744,14,"unconstrained",3
2,4.37659709663254,0.254346180555556,0.2796168,0.278162622916667,0.0856205701232769,0.745653819444444,0.227085334386722,0.261862150368761,0.121175763888889,0.254346180555556,0.819335277777778,0.914323888888889,0.670552456061352,15,"unconstrained",3
3,5.27130131830195,0.235214097222222,0.2503708,0.249368513888889,0.0567610419051279,0.764785902777778,0.284892133477405,0.331776457068738,0.142749791666667,0.235214097222222,0.899020555555556,0.916050833333333,0.653777741174296,23,"unconstrained",3
4,6.50987902086876,0.230921180555556,0.2342776,0.233353569097222,0.0104236183362306,0.769078819444444,0.303299799154831,0.341104527217254,0.144868819444444,0.230921180555556,0.904718888888889,0.923176388888889,0.650128422937434,23,"unconstrained",3
5,7.28803543219471,0.203027083333333,0.2271712,0.226581764930556,0.103956651606282,0.796972916666667,0.391501258841467,0.423413783699811,0.168637361111111,0.203027083333333,0.941683333333333,0.989537222222222,0.627373891312701,10,"unconstrained",3
6,7.74764661970439,0.199476458333333,0.2010364,0.200725503472222,0.00622265291297028,0.800523541666667,0.394962195196332,0.435761121034154,0.169586875,0.199476458333333,0.948815,0.991405833333333,0.624591250569614,25,"unconstrained",3
7,8.14086985496488,0.196763263888889,0.1987072,0.198479731597222,0.00864807552146729,0.803236736111111,0.407691308139986,0.444816756803837,0.173114513888889,0.196763263888889,0.965621111111111,0.987081388888889,0.622481489605121,16,"unconstrained",3
8,8.51171972072204,0.196454027777778,0.1969124,0.196745098263889,0.00147942941745224,0.803545972222222,0.407576754684246,0.449554579972572,0.174509305555556,0.196454027777778,0.968903055555556,0.9872075,0.622241934232139,18,"unconstrained",3
9,8.77875551608426,0.192246805555556,0.1959236,0.195762078125,0.0179568617329444,0.807753194444444,0.418537223750137,0.46217679049302,0.176465138888889,0.192246805555556,0.979107222222222,0.989329444444444,0.619000956528422,16,"unconstrained",3
10,9.0859737763373,0.191178680555556,0.1918468,0.191731708680556,0.00288438531532321,0.808821319444444,0.420128970104609,0.463299298993346,0.177397708333333,0.191178680555556,0.981229166666667,0.991208888888889,0.618183507258977,21,"unconstrained",3
11,9.36090522673326,0.189750208333333,0.1910596,0.190967235416667,0.00637296277907527,0.810249791666667,0.424015332973013,0.471210422618431,0.179571458333333,0.189750208333333,0.986444722222222,0.993197777777778,0.617093648332214,20,"unconstrained",3
12,9.46663917462398,0.189182638888889,0.1900528,0.189995104513889,0.00427624504893818,0.810817361111111,0.424723665201095,0.474501922859555,0.180834027777778,0.189182638888889,0.989136388888889,0.994166388888889,0.616661684839629,20,"unconstrained",3
13,9.53172268836314,0.189132152777778,0.1889748,0.188926084027778,-0.00109073742284129,0.810867847222222,0.424823889068469,0.474499732133045,0.182281736111111,0.189132152777778,0.991561388888889,0.994737777777778,0.616623290358401,20,"unconstrained",3
14,9.55349180803941,0.188554861111111,0.1888668,0.18881639375,0.00138511616335165,0.811445138888889,0.426094944647151,0.477020048912143,0.183653472222222,0.188554861111111,0.993883888888889,0.996313333333333,0.616184602060282,10,"unconstrained",3
15,9.55803287950989,0.187681666666667,0.1883936,0.188367397916667,0.0036403924330015,0.812318333333333,0.428186408300477,0.481085767473039,0.184676388888889,0.187681666666667,0.996289444444444,0.9977,0.615522239844396,25,"unconstrained",3
0,1.69269965099577,0.317486666666667,0.3337572,0.331444012847222,0.0421107204823432,0.682513333333333,0.0479316777648409,0.0516969100067114,0.048116111111111,0.317486666666667,0.7481775,0.713081388888889,0.732586420778105,17,"unconstrained",4
1,2.91040031703661,0.287411597222222,0.3091552,0.307052797916667,0.0639668513939907,0.712588402777778,0.129397603232709,0.144414304564104,0.0730286805555557,0.287411597222222,0.822536666666667,0.7486975,0.701667327240977,21,"unconstrained",4
2,4.00704280510979,0.264089583333333,0.2857152,0.284113944791667,0.0704800374125131,0.735910416666667,0.209336987516306,0.211803035813297,0.095920138888889,0.264089583333333,0.853934166666667,0.809726944444444,0.679430523982482,25,"unconstrained",4
3,4.76940601187866,0.230420486111111,0.2640164,0.262401830902778,0.121879274552456,0.769579513888889,0.310447834350185,0.313092255199493,0.130285069444444,0.230420486111111,0.908428888888889,0.891300277777778,0.649705444306031,11,"unconstrained",4
4,5.49483653451546,0.224825,0.2259148,0.225084291666667,0.00115197584312368,0.775175,0.331039867548251,0.329700196658925,0.136223888888889,0.224825,0.920784444444444,0.902013333333333,0.64501564162931,19,"unconstrained",4
5,6.17555903273374,0.2155625,0.225012,0.224436245833333,0.039537935596744,0.7844375,0.361663641512823,0.360249966993996,0.142563333333333,0.2155625,0.945516111111111,0.908485555555556,0.637399410405545,24,"unconstrained",4
6,6.74145855873571,0.208035,0.2148244,0.214326579166667,0.0293551046777739,0.791965,0.387677901551969,0.383609117373714,0.151711666666667,0.208035,0.957418055555555,0.929935277777778,0.631341031484977,17,"unconstrained",4
7,7.28441126972779,0.203936875,0.2076972,0.207254039930556,0.0160053089033488,0.796063125,0.402517955295207,0.394325095663843,0.156166180555556,0.203936875,0.963008888888889,0.941449722222222,0.62809089417375,17,"unconstrained",4
8,7.64712260264147,0.196797361111111,0.2029548,0.202636306944444,0.0288149045024501,0.803202638888889,0.424814977738063,0.411448149574366,0.158507083333333,0.196797361111111,0.970727222222222,0.952692222222222,0.62250791492876,12,"unconstrained",4
9,8.00479651672298,0.190634930555556,0.1960476,0.195729611805556,0.0260291797597861,0.809365069444444,0.443435416554561,0.425270454737855,0.162135347222222,0.190634930555556,0.977908888888889,0.965091944444444,0.617768197413319,16,"unconstrained",4
10,8.2871211494812,0.18765,0.1907584,0.190508163194444,0.0150028384428191,0.81235,0.453074790579389,0.432678751496561,0.161950555555555,0.18765,0.981648333333333,0.966952777777778,0.615498245829999,15,"unconstrained",4
11,8.59959636702274,0.185428402777778,0.1869392,0.186753820833333,0.0070971402332826,0.814571597222222,0.461286176128405,0.436998359520411,0.163598541666667,0.185428402777778,0.987294444444445,0.969045833333333,0.613819585294963,15,"unconstrained",4
12,8.83914793316247,0.182853263888889,0.1853664,0.185233903472222,0.0128520726427943,0.817146736111111,0.46721340105247,0.447370863031323,0.165602291666667,0.182853263888889,0.989935833333334,0.975562222222222,0.611885207275689,20,"unconstrained",4
13,9.03196218025577,0.180030833333333,0.1823484,0.182204113888889,0.0119277249518134,0.819969166666667,0.474927914794085,0.458170326955132,0.169019722222222,0.180030833333333,0.990359444444445,0.987618333333333,0.609779026243873,23,"unconstrained",4
14,9.09869031202031,0.178197916666667,0.1796164,0.179535484375,0.00745015790605253,0.821802083333333,0.480618397029148,0.463568881205879,0.17111875,0.178197916666667,0.991466666666667,0.994375,0.608418997883209,15,"unconstrained",4
15,9.10313439185068,0.177498402777778,0.1781148,0.178063999305556,0.00317636653104296,0.822501597222222,0.481823221147558,0.466653801750539,0.172509930555556,0.177498402777778,0.992036944444445,0.997986111111111,0.607901555071279,25,"unconstrained",4
0,1.80328251731201,0.315502708333333,0.3317328,0.32946658125,0.0423832756077643,0.684497291666667,0.0463093460583708,0.0521997148610334,0.049720625,0.315502708333333,0.713349444444445,0.755086388888889,0.730463080113234,22,"unconstrained",5
1,3.12131910553407,0.271649305555556,0.31284,0.310916001041667,0.126293582043238,0.728350694444444,0.180312592336887,0.195113343372449,0.0936787499999999,0.271649305555556,0.781123611111111,0.862935277777778,0.686482492312826,13,"unconstrained",5
2,4.01116650744374,0.248637222222222,0.2630712,0.261568099305556,0.0494359867188084,0.751362777777778,0.242639124505668,0.266610910223562,0.116289722222222,0.248637222222222,0.857265555555556,0.878039444444444,0.665457505732177,20,"unconstrained",5
3,4.7789871459393,0.239567916666667,0.2463044,0.245358311458333,0.0235997499218607,0.760432083333333,0.278005475633885,0.287431478192637,0.125955972222222,0.239567916666667,0.886588333333333,0.886187777777778,0.657520916014305,22,"unconstrained",5
4,5.37491313823823,0.226424097222222,0.2412632,0.240384361458333,0.0580747605685276,0.773575902777778,0.319021672732691,0.324240802115028,0.139303402777778,0.226424097222222,0.9133,0.912458611111111,0.646348985541802,11,"unconstrained",5
5,5.90701300207057,0.219674583333333,0.2263308,0.225688106944444,0.0266452835841784,0.780325416666667,0.341423484143407,0.34628409811848,0.147364027777778,0.219674583333333,0.934442222222222,0.920936666666667,0.640758316108504,18,"unconstrained",5
6,6.40228853269896,0.208889583333333,0.2185524,0.217990113888889,0.0417474462176491,0.791110416666667,0.370230015168592,0.39012142318796,0.160637083333333,0.208889583333333,0.944661388888889,0.958833611111111,0.632023026705606,20,"unconstrained",5
7,6.75347808738671,0.203146111111111,0.2087572,0.208290125347222,0.0246963903235256,0.796853888888889,0.386703063587937,0.408121048821051,0.165398611111111,0.203146111111111,0.951505555555555,0.972999444444444,0.627467603499038,12,"unconstrained",5
8,7.12861462400553,0.201203541666667,0.2021208,0.201860143055556,0.00325275400557004,0.798796458333333,0.394003151691781,0.413086135876263,0.167475625,0.201203541666667,0.959890555555556,0.972653611111111,0.625941683621427,19,"unconstrained",5
9,7.37009849478033,0.197556597222222,0.2013276,0.201084495486111,0.0175443574372077,0.802443402777778,0.407536281503603,0.424766905461113,0.170640625,0.197556597222222,0.971892222222222,0.974275833333333,0.62309690411707,20,"unconstrained",5
10,7.58842381605139,0.193357777777778,0.1972264,0.197011549652778,0.0185459780476811,0.806642222222222,0.419701331404713,0.434796902161665,0.173656666666667,0.193357777777778,0.980911666666667,0.979686111111111,0.619853494183019,13,"unconstrained",5
11,7.72597803878456,0.191341041666667,0.1928368,0.192703310069444,0.00706925274032326,0.808658958333333,0.425358165097636,0.441746008375944,0.175539791666667,0.191341041666667,0.983981111111111,0.984416388888889,0.61830762504692,20,"unconstrained",5
12,7.79823340575247,0.189649375,0.190722,0.190624614236111,0.0051160194606513,0.810350625,0.431039064217306,0.447900595236461,0.176518125,0.189649375,0.986150555555556,0.987586944444445,0.617016862299576,24,"unconstrained",5
13,7.85386439236594,0.187813333333333,0.1895528,0.189438335416667,0.00857800022238954,0.812186666666667,0.435502483259154,0.45414588487124,0.177747222222222,0.187813333333333,0.987844444444444,0.992023333333333,0.615622024493548,15,"unconstrained",5
14,7.87726146303984,0.186684513888889,0.1878484,0.187775164930556,0.00580828163335683,0.813315486111111,0.435562636489222,0.460569696002369,0.178567152777778,0.186684513888889,0.988758055555556,0.995007222222222,0.614767588393973,19,"unconstrained",5
15,7.87726146303984,0.186147638888889,0.1865936,0.186543578472222,0.00212250449238768,0.813852361111111,0.438221590360926,0.461385506773988,0.17929125,0.186147638888889,0.989551111111111,0.996736111111111,0.614362043893779,25,"unconstrained",5
0,1.37497044777657,0.320049097222222,0.3280928,0.325827530902778,0.0177346391342228,0.679950902777778,0.0256536788564564,0.0312024654653885,0.0435017361111112,0.320049097222222,0.718329166666667,0.728576111111111,0.735347211037398,12,"0.020",1
1,2.9923922672759,0.308317222222222,0.3166112,0.314447460763889,0.019495271250639,0.691682777777778,0.0538961314461747,0.0773234323166305,0.0591719444444444,0.308317222222222,0.748241944444445,0.7534675,0.722874728219182,14,"0.020",1
2,4.0649280124585,0.298700138888889,0.3060416,0.304229691666667,0.0181755855172621,0.701299861111111,0.0786788677509119,0.116246429345727,0.0707306944444445,0.298700138888889,0.784456944444444,0.759604166666667,0.71296178386207,15,"0.020",1
3,4.83034405921582,0.290692569444444,0.2957268,0.294061714930556,0.0114572734737222,0.709307430555556,0.101423844284131,0.145155592020274,0.0786815972222223,0.290692569444444,0.793089166666667,0.782888888888889,0.704912959403769,11,"0.020",1
4,5.98339839626417,0.282111805555556,0.289556,0.287728762152778,0.0195217070243387,0.717888194444444,0.127593580282937,0.186344585394867,0.091940138888889,0.282111805555556,0.812878055555556,0.806778611111111,0.696487285721334,14,"0.020",1
5,6.5927015658925,0.275843611111111,0.2790964,0.277689403125,0.00664696597391594,0.724156388888889,0.140196540197391,0.217956010853862,0.101783611111111,0.275843611111111,0.833414166666667,0.818465833333333,0.690458591088558,12,"0.020",1
6,7.76769743790853,0.265466944444444,0.270646,0.269217595486111,0.0139316712746594,0.734533055555556,0.165559034925669,0.262401038214963,0.114188888888889,0.265466944444445,0.856552777777778,0.840891111111111,0.68070455947259,18,"0.020",1
7,8.61747115028128,0.258261180555556,0.2616044,0.260493570833333,0.00856984788774722,0.741738819444444,0.187348347313255,0.289801771754892,0.126369930555556,0.258261180555555,0.876058055555555,0.860159444444445,0.674091724597204,13,"0.020",1
8,9.55981330760232,0.246800208333333,0.2521856,0.251319494444444,0.0179822346097791,0.753199791666667,0.221101603031608,0.325517060370234,0.136389236111111,0.246800208333333,0.893104444444444,0.886073611111111,0.663834490572029,16,"0.020",1
9,10.0743710513557,0.242654236111111,0.2446664,0.243866591666667,0.00497138844345127,0.757345763888889,0.229924697029603,0.342498034322768,0.139732708333333,0.242654236111111,0.896068055555556,0.898088888888889,0.660200431349287,16,"0.020",1
10,10.6305730946608,0.2366025,0.2417836,0.241004148611111,0.0182637877251385,0.7633975,0.243915375881203,0.366573253003208,0.147485555555556,0.2366025,0.908594444444444,0.913171666666667,0.654966776810246,11,"0.020",1
11,11.284636706759,0.231136875,0.2335544,0.232908069444444,0.00760469333960502,0.768863125,0.260735714286298,0.383225957181742,0.153620347222222,0.231136875,0.925898611111111,0.919068333333333,0.650310807921761,14,"0.020",1
12,11.733047099211,0.227762013888889,0.2298172,0.22938776875,0.00708736507604729,0.772237986111111,0.263848059423438,0.408994682517704,0.160979652777778,0.227762013888889,0.937922222222222,0.928513055555556,0.647468797174734,20,"0.020",1
13,12.0022488880119,0.224599027777778,0.2275032,0.227135832638889,0.0111686686844532,0.775400972222222,0.274527443537553,0.423184892281537,0.167264305555555,0.224599027777778,0.94729,0.938040555555555,0.64482766711918,22,"0.020",1
14,12.4533633643278,0.21921,0.2233608,0.222976376041667,0.0168913680835985,0.78079,0.293491902303779,0.436223996916535,0.171003611111111,0.21921,0.954446388888889,0.949140833333333,0.640377054009401,15,"0.020",1
15,12.7336357493346,0.214422986111111,0.2184404,0.218078337847222,0.0167616452518632,0.785577013888889,0.307414248582345,0.45039832424497,0.175932847222222,0.214422986111111,0.961418888888889,0.961600833333333,0.636474834624832,14,"0.020",1
0,1.26858851111997,0.320892291666667,0.327496,0.325230071875,0.0133375741773367,0.679107708333333,0.0200047659578925,0.0228989963819396,0.0400935416666668,0.320892291666667,0.722432777777778,0.715969722222222,0.736260233633779,9,"0.020",2
1,2.59296988509537,0.311557708333333,0.318298,0.316213769791667,0.0147244108357487,0.688442291666667,0.0463351705068478,0.0589080466387439,0.0511356250000001,0.311557708333333,0.741758611111111,0.737397222222222,0.726277287221181,15,"0.020",2
2,3.47270257050627,0.296356597222222,0.3034144,0.301510279861111,0.0170928919613054,0.703643402777778,0.0977985574169977,0.099337946137375,0.063343125,0.296356597222222,0.775405,0.758568055555556,0.710587206568194,13,"0.020",2
3,3.92750405384432,0.290196319444444,0.2943428,0.292548783680556,0.00804127163516022,0.709803680555556,0.111811750396332,0.123479425940936,0.0720520138888889,0.290196319444445,0.783763333333333,0.779948055555555,0.704420128687774,11,"0.020",2
4,4.88112516314412,0.278160555555556,0.28452,0.282808320486111,0.0164343288152437,0.721839444444444,0.149319167501627,0.156187393016716,0.0796766666666667,0.278160555555556,0.806459722222222,0.7965725,0.69267480995697,15,"0.020",2
5,5.9829519138333,0.269465694444444,0.2753468,0.273644325694444,0.015270301108549,0.730534305555556,0.175121973302202,0.181828341318659,0.0883709722222221,0.269465694444444,0.821235,0.816575555555556,0.684430554729063,19,"0.020",2
6,7.03989861852459,0.258941805555556,0.2641116,0.2628925875,0.0150281222533307,0.741058194444444,0.208755691852249,0.222483904215846,0.101399305555556,0.258941805555556,0.847603888888889,0.837311111111111,0.674710844233818,16,"0.020",2
7,7.6526075143844,0.250484791666667,0.2552964,0.253958890625,0.013679768996405,0.749515208333333,0.232681947279915,0.247718552201106,0.107772430555556,0.250484791666667,0.865090277777778,0.849485,0.667097871318488,11,"0.020",2
8,8.58419845625835,0.240646111111111,0.2463876,0.24536953125,0.0192502309264972,0.759353888888889,0.259707880486821,0.278812050260967,0.116412222222222,0.240646111111111,0.883901666666667,0.867630555555556,0.658454519448917,17,"0.020",2
9,9.37021106360031,0.231976527777778,0.2337976,0.233019387152778,0.00447541892433296,0.768023472222222,0.285565734431112,0.310154710312265,0.12635875,0.231976527777778,0.900965555555555,0.887798888888889,0.651021769625458,14,"0.020",2
10,10.1059188828006,0.227239236111111,0.2315856,0.230751291319444,0.0152200890762141,0.772760763888889,0.301099090024833,0.329214172422626,0.134449097222222,0.227239236111111,0.923595833333333,0.890823888888889,0.647030780242735,22,"0.020",2
11,10.5369464228457,0.222882847222222,0.2269984,0.226302579861111,0.0151113285627929,0.777117152777778,0.313529048981022,0.347075721987414,0.139310208333333,0.222882847222222,0.935368055555555,0.897486666666667,0.643403633818618,10,"0.020",2
12,11.1352165322905,0.216020347222222,0.2204524,0.219912579166667,0.0176989963884451,0.783979652777778,0.338512459542999,0.363462586414899,0.145111319444444,0.216020347222222,0.949659444444445,0.9085225,0.637771654185682,13,"0.020",2
13,11.6678457273217,0.210582291666667,0.2143008,0.213851020486111,0.0152850746843022,0.789417708333333,0.351849499083844,0.386908111349496,0.148884097222222,0.210582291666667,0.952149444444444,0.924454166666667,0.633378241610048,16,"0.020",2
14,12.0968990516783,0.204231180555556,0.2085896,0.208102381597222,0.0186023870171716,0.795768819444444,0.370561587148236,0.406472824125795,0.153526597222222,0.204231180555556,0.959455,0.939135833333333,0.628323186059324,16,"0.020",2
15,12.4408844258021,0.199873402777778,0.2033528,0.202922297222222,0.0150249355846074,0.800126597222222,0.388995824600953,0.409884789795504,0.158260763888889,0.199873402777778,0.967258888888889,0.949515833333333,0.62490111156889,20,"0.020",2
0,1.74225379723394,0.326997013888889,0.3345224,0.332128914583333,0.015451532429456,0.673002986111111,0.0208727354658382,0.0361833482254012,0.0467979861111112,0.326997013888889,0.714955,0.724646944444444,0.742938754089646,16,"0.020",3
1,2.60459688113292,0.315998194444444,0.321748,0.319738922569444,0.0116993204797817,0.684001805555556,0.0540365796595228,0.0717517596090909,0.0588218055555556,0.315998194444445,0.732246388888889,0.753400833333333,0.730992222445807,9,"0.020",3
2,3.46365426382913,0.3054425,0.3119652,0.310057712152778,0.0148850100219527,0.6945575,0.0819304865162364,0.1047693018424,0.0681822222222221,0.3054425,0.752638055555556,0.772841388888889,0.719882803079659,10,"0.020",3
3,4.24596248808542,0.294220763888889,0.3015364,0.299645500347222,0.0181038475533499,0.705779236111111,0.122790392649403,0.136694787140156,0.079394513888889,0.294220763888889,0.773952222222222,0.796395277777778,0.708436823325991,11,"0.020",3
4,5.15264035285816,0.285065,0.2888172,0.286962314930556,0.00661172158098427,0.714935,0.144044536150806,0.168703147704002,0.0904325,0.285065,0.796477222222223,0.814257777777777,0.699364277871415,12,"0.020",3
5,6.03384849735353,0.272634097222222,0.2789596,0.277623115972222,0.0179704731449639,0.727365902777778,0.176748934563228,0.218250161237715,0.105012847222222,0.272634097222222,0.818373888888889,0.846383611111111,0.687411931313418,17,"0.020",3
6,6.54079170117912,0.270607222222222,0.2742932,0.272942125,0.00855457096546661,0.729392777777778,0.18467847847464,0.220744162182397,0.106401666666667,0.270607222222222,0.820865,0.850723888888889,0.68550171489679,12,"0.020",3
7,7.32733747985114,0.263316736111111,0.2700424,0.268687505208333,0.0199889053011897,0.736683263888889,0.203522983904586,0.249234746152404,0.114952430555555,0.263316736111111,0.832311388888889,0.87096,0.678717740050917,18,"0.020",3
8,7.99271617582816,0.254361180555556,0.2572444,0.25618599375,0.00712300140898878,0.745638819444444,0.230521054462921,0.273738982046895,0.122949375,0.254361180555555,0.860288055555556,0.876888333333333,0.670565945550604,19,"0.020",3
9,8.69773080036456,0.247473194444444,0.2508752,0.249967830902778,0.00997983000181949,0.752526805555556,0.250785666326042,0.301297897009211,0.131580972222222,0.247473194444444,0.876968333333333,0.891247222222222,0.664428158982155,12,"0.020",3
10,9.11313375350797,0.240641875,0.2459428,0.245189509027778,0.0185474249930594,0.759358125,0.269946691457833,0.323587757075719,0.138615347222222,0.240641875,0.892503611111111,0.903443333333333,0.658450846232797,13,"0.020",3
11,9.80238242440878,0.235093055555556,0.2390572,0.238237394791667,0.0131983446127789,0.764906944444444,0.28908447458148,0.339773014984048,0.143725277777778,0.235093055555555,0.909536111111111,0.907728333333333,0.653674284998357,16,"0.020",3
12,10.3793211609682,0.227303472222222,0.2322428,0.231677901388889,0.0188815123947615,0.772696527777778,0.312438197246783,0.359874203094341,0.148652638888889,0.227303472222222,0.930213888888889,0.912484444444444,0.647084569459586,12,"0.020",3
13,10.8651461689451,0.221518333333333,0.2261304,0.22556485,0.0179394824444793,0.778481666666667,0.325422612862464,0.381195071226925,0.1532875,0.221518333333333,0.938389166666667,0.925149166666667,0.642275883182862,20,"0.020",3
14,11.1426425447959,0.217133472222222,0.2203336,0.219772052083333,0.0120059845467093,0.782866527777778,0.334302634293378,0.399957578693896,0.157353194444444,0.217133472222222,0.946083888888889,0.934355555555555,0.638678474885477,13,"0.020",3
15,11.6587078026721,0.211203055555556,0.2157144,0.215230270138889,0.0187111904879114,0.788796944444444,0.352257673686526,0.413752357051048,0.161938333333334,0.211203055555556,0.954765833333333,0.946704722222222,0.633876694783793,16,"0.020",3
0,1.43905662375414,0.326025,0.3337572,0.331444012847222,0.0163497080567876,0.673975,0.0214542245166429,0.0313903090258271,0.0424475000000001,0.326025,0.718624166666667,0.714220833333334,0.741867279943618,12,"0.020",4
1,2.42913217984236,0.314102847222222,0.3199688,0.317896725694444,0.0119343112576402,0.685897152777778,0.068068869658311,0.0635250784670267,0.053518263888889,0.314102847222222,0.738096666666667,0.740734166666667,0.728972263516589,10,"0.020",4
2,3.20549332465076,0.301871180555556,0.307776,0.305802636111111,0.0128561859555951,0.698128819444444,0.101311992261996,0.105408856033147,0.0678185416666668,0.301871180555556,0.769320833333333,0.762573888888889,0.71620019983975,13,"0.020",4
3,4.33475767319179,0.290016319444444,0.2951256,0.293418147222222,0.0115937879438705,0.709983680555556,0.13369733239096,0.145969341295429,0.0806092361111109,0.290016319444444,0.804833055555555,0.776352777777778,0.704241539198133,14,"0.020",4
4,5.09878862123308,0.279940069444444,0.2864896,0.2849018375,0.0174157109659059,0.720059930555556,0.162245929121302,0.179345967368293,0.0907113194444444,0.279940069444444,0.827523611111111,0.794018888888889,0.694386645864643,11,"0.020",4
5,5.70583264885695,0.273378819444444,0.279932,0.278356822569444,0.0178835319323208,0.726621180555556,0.177536572848531,0.205673392448375,0.0984086805555555,0.273378819444444,0.843810277777778,0.806249444444444,0.688116467535,15,"0.020",4
6,6.53315021932407,0.263564027777778,0.2690756,0.267845943402778,0.0159864867490676,0.736435972222222,0.204500987896992,0.236387968213868,0.108655138888889,0.263564027777778,0.861350833333333,0.828831388888889,0.678945650212105,13,"0.020",4
7,7.38830753407635,0.254418125,0.2593224,0.258179511458333,0.0145688805323359,0.745581875,0.230189874148397,0.273813941442459,0.121055486111111,0.254418125,0.8774325,0.855842222222222,0.670617160590177,14,"0.020",4
8,8.00055837230644,0.245053888888889,0.2511048,0.250051873263889,0.0199877901723433,0.754946111111111,0.254016235791805,0.308393919343134,0.13331,0.245053888888889,0.893298333333333,0.883213888888889,0.662298927885213,13,"0.020",4
9,8.75601827418758,0.238023194444444,0.2423,0.241495572569444,0.0143786409334752,0.761976805555556,0.277161525864924,0.32874038912586,0.136021805555556,0.238023194444444,0.90574,0.890257222222222,0.656187952644374,19,"0.020",4
10,9.42140944023541,0.232099513888889,0.2354152,0.234615377777778,0.0107233545930301,0.767900486111111,0.294119913502823,0.353674998324527,0.143297152777778,0.232099513888889,0.924726944444444,0.897668333333333,0.651126036567781,17,"0.020",4
11,9.81454283654302,0.229295069444444,0.2325904,0.232022694097222,0.0117558528634051,0.770704930555556,0.301566920843925,0.363795284311606,0.146787430555556,0.229295069444444,0.931552222222222,0.9034325,0.648756716321485,11,"0.020",4
12,10.4399300904452,0.222979097222222,0.2272388,0.226698653125,0.0164074900821174,0.777020902777778,0.323116704895747,0.380378959438821,0.151443958333333,0.222979097222222,0.936529444444444,0.920400277777778,0.643483332575155,14,"0.020",4
13,11.0145623137999,0.218180972222222,0.2226208,0.222013455902778,0.0172623936912808,0.781819027777778,0.340047626356194,0.391165868048816,0.155597638888889,0.218180972222222,0.944317222222222,0.930516111111111,0.639534191718494,15,"0.020",4
14,11.4992632138361,0.212108819444444,0.2167224,0.2162058,0.0189494479590997,0.787891180555556,0.358155163375756,0.409632473358798,0.160222291666667,0.212108819444444,0.953227777777778,0.942999166666667,0.634605402801236,15,"0.020",4
15,11.8497931235413,0.206279236111111,0.2102572,0.209963324305556,0.0175463415176409,0.793720763888889,0.375728909029942,0.430370312202658,0.167239375,0.206279236111111,0.963014722222222,0.958905555555556,0.629944462521323,16,"0.020",4
0,1.40419975202733,0.324355902777778,0.3317328,0.32946658125,0.0155119783403592,0.675644097222222,0.0179463992528919,0.0277975909465937,0.0421188194444444,0.324355902777778,0.708958611111111,0.726567222222222,0.740034586338653,13,"0.020",5
1,2.71822706050576,0.311379791666667,0.3194372,0.317142218402778,0.0181698506276851,0.688620208333333,0.0541286016363086,0.0739632520482765,0.0582321527777778,0.311379791666667,0.731261944444444,0.762442777777778,0.72608964121188,13,"0.020",5
2,3.67603969060097,0.301757013888889,0.3077012,0.305722169444444,0.0129698005308579,0.698242986111111,0.0768419105006697,0.114428428365437,0.0720757638888888,0.301757013888889,0.741155277777778,0.799482222222222,0.716083097067351,18,"0.020",5
3,4.55436539541955,0.290177291666667,0.294468,0.293032619791667,0.00974406237445496,0.709822708333333,0.114404726075912,0.153329547521844,0.0849357638888887,0.290177291666667,0.763509166666667,0.826007777777778,0.704401245733603,11,"0.020",5
4,5.21344686608202,0.277517361111111,0.2845868,0.282872685763889,0.0189319256410914,0.722482638888889,0.151164486897396,0.19670887329633,0.0966151388888891,0.277517361111111,0.782400833333333,0.855794722222222,0.692058152108615,15,"0.020",5
5,5.91955865287034,0.267992083333333,0.2740196,0.272796425,0.0176114539135425,0.732007916666667,0.179358193442673,0.224688458602882,0.103340138888889,0.267992083333333,0.798907777777778,0.871788333333333,0.683052721993558,14,"0.020",5
6,6.8238340526269,0.257312152777778,0.2629732,0.261854601041667,0.017347215767143,0.742687847222222,0.203763607803196,0.262682562432955,0.113364513888889,0.257312152777778,0.822835,0.889269722222222,0.673230350907295,13,"0.020",5
7,7.4971002262146,0.249938194444444,0.25586,0.254867086458333,0.0193390683841584,0.750061805555556,0.225138743511151,0.291073183623021,0.123266527777778,0.249938194444445,0.850950833333333,0.895705833333333,0.666611732922009,15,"0.020",5
8,8.06034787786637,0.241218263888889,0.2456636,0.244779628819444,0.0145492700831836,0.758781736111111,0.25222275354542,0.320203652723641,0.131710347222222,0.241218263888889,0.870827222222222,0.910156944444444,0.658951021360355,12,"0.020",5
9,8.56899467686467,0.235745,0.239284,0.23850013125,0.0115519066407223,0.764255,0.269647883193855,0.337763460784623,0.136455555555556,0.235745,0.880067777777778,0.921353333333333,0.654231899038933,13,"0.020",5
10,9.1159790560634,0.227158958333333,0.2320964,0.231467422222222,0.0186136945213505,0.772841041666667,0.298447156162826,0.365763840227266,0.143741319444444,0.227158958333333,0.895635277777778,0.937529444444444,0.646963570829167,14,"0.020",5
11,9.57705333194693,0.220013055555556,0.2248356,0.224202345486111,0.0186853082266935,0.779986944444444,0.321001302385383,0.387871784158184,0.151979444444444,0.220013055555556,0.916719722222222,0.947213055555556,0.641036370623013,15,"0.020",5
12,9.92063574820577,0.214002013888889,0.2184768,0.217887392708333,0.0178320497168255,0.785997986111111,0.337994760816108,0.410273461664325,0.158147430555555,0.214002013888889,0.9336975,0.954593333333333,0.636133945423772,15,"0.020",5
13,10.2293566506676,0.207898819444444,0.2123868,0.211925759375,0.019001653892531,0.792101180555556,0.356460510201595,0.427470897197827,0.160704791666667,0.207898819444445,0.947411944444444,0.9582,0.631232489325815,20,"0.020",5
14,10.4721232615196,0.205063333333333,0.2092676,0.209043638194444,0.0190405452923123,0.794936666666667,0.365321610603237,0.436091709956688,0.164576111111111,0.205063333333333,0.956411111111111,0.962614444444444,0.628980925105145,13,"0.020",5
15,10.7029087463665,0.200935625,0.2047324,0.204411896875,0.0170062111263799,0.799064375,0.377819630814619,0.45146694914421,0.168940208333333,0.200935625,0.968917777777778,0.967091388888889,0.625731812909317,16,"0.020",5
0,1.04193641436982,0.325335069444444,0.3280928,0.325827530902778,0.00151141758024204,0.674664930555556,0.00582007848741539,0.0176927976598408,0.0393807638888889,0.325335069444444,0.7123725,0.715718888888889,0.741108626452946,9,"0.005",1
1,1.87078064045494,0.317562916666667,0.3208512,0.318686672569444,0.00352620928172913,0.682437083333333,0.0190131879257927,0.050673034092022,0.0512709722222222,0.317562916666667,0.735428333333333,0.731987777777778,0.732668274059452,12,"0.005",1
2,3.33987058514,0.309436180555556,0.3124116,0.310500643055556,0.00342821351197515,0.690563819444444,0.0366782140940023,0.0909750780612476,0.0650099305555556,0.309436180555556,0.759169444444445,0.751978055555555,0.724046041685543,12,"0.005",1
3,4.62655230808156,0.303840069444444,0.3064172,0.304467360416667,0.00206028971829294,0.696159930555556,0.0532852781385014,0.119041753425951,0.0734615972222223,0.303840069444445,0.772298055555556,0.766945,0.718225766888056,10,"0.005",1
4,5.5475887602899,0.295239444444444,0.29805,0.296244806944444,0.00339368818096646,0.704760555555556,0.0837564048740866,0.147359294824508,0.0834752777777777,0.295239444444444,0.795363888888889,0.781107777777778,0.709460817661475,14,"0.005",1
5,6.50313803020307,0.286726875,0.2896392,0.287976857986111,0.00434056748466695,0.713273125,0.108612954536001,0.178238043650182,0.0925372916666667,0.286726875,0.812247777777778,0.799373055555556,0.700993746259541,13,"0.005",1
6,7.0378063768331,0.282389166666667,0.2852328,0.283762062152778,0.00483819251839209,0.717610833333333,0.116884596833814,0.203580754656473,0.102170833333333,0.282389166666667,0.824152777777778,0.815410555555556,0.696756482448124,10,"0.005",1
7,7.85311644999657,0.277115486111111,0.2791168,0.277789976388889,0.00242805837181658,0.722884513888889,0.131033098718394,0.222349956827808,0.106938402777778,0.277115486111111,0.837910833333333,0.821735,0.691673414485198,13,"0.005",1
8,8.40348936052016,0.2746075,0.2765992,0.275343162152778,0.00267180106099591,0.7253925,0.145202809596386,0.230791255254805,0.110541388888889,0.2746075,0.841126666666667,0.830741111111111,0.689282009394914,13,"0.005",1
9,8.68908551113443,0.272385069444444,0.2728364,0.271636917361111,-0.00275423565618918,0.727614930555556,0.152675641468498,0.240674281808227,0.117241597222222,0.272385069444444,0.849945833333333,0.839767222222222,0.687176663098756,11,"0.005",1
10,9.36875715374222,0.269117361111111,0.271084,0.269872542013889,0.00279828728459138,0.730882638888889,0.158369879241947,0.264568262200317,0.126217361111111,0.269117361111111,0.861628055555555,0.852571944444445,0.684104360120136,12,"0.005",1
11,9.75113402302169,0.264692986111111,0.2637296,0.26279885,-0.0072075509885647,0.735307013888889,0.170757506023997,0.279101608408659,0.131180347222222,0.264692986111111,0.869823888888889,0.863150833333333,0.679988073764728,8,"0.005",1
12,10.4715397308878,0.259739166666667,0.2601432,0.259219271180556,-0.00200562050708399,0.740260833333333,0.181552885801566,0.308305024663581,0.137745833333333,0.259739166666667,0.880550833333333,0.8754625,0.675437599134539,10,"0.005",1
13,10.9794298643837,0.256936388888889,0.25689,0.25601891875,-0.00358360289688135,0.743063611111111,0.184940947832313,0.321802730624518,0.141648055555555,0.256936388888889,0.887658055555556,0.881765277777778,0.672889901380508,12,"0.005",1
14,11.2638127682621,0.254903819444444,0.2555876,0.254721364930556,-0.000716290578682385,0.745096180555556,0.192903516022315,0.326082000336257,0.143435069444444,0.254903819444444,0.892257222222222,0.884805277777778,0.671054305535685,9,"0.005",1
15,11.6200711805987,0.252348125,0.2526932,0.25177555,-0.0022741485422235,0.747651875,0.198845964743649,0.34216470222041,0.150101875,0.252348125,0.905071944444444,0.890435555555555,0.668760444157249,16,"0.005",1
0,1.05227673501261,0.323981458333333,0.327496,0.325230071875,0.00383917002037426,0.676018541666667,0.0079281650582036,0.0175779721018742,0.038374375,0.323981458333333,0.718465277777778,0.710320555555556,0.739624683617837,7,"0.005",2
1,1.94092964611026,0.316782638888889,0.3179912,0.315900340972222,-0.00279296285009153,0.683217361111111,0.0299665405053189,0.0424445481348807,0.0456756944444445,0.316782638888889,0.733170555555555,0.724615555555555,0.731831520186861,9,"0.005",2
2,3.09367260121604,0.307040347222222,0.3083844,0.306448228819444,-0.00193219717750955,0.692959652777778,0.0521076052552297,0.0754766087587611,0.056992986111111,0.307040347222222,0.753099166666667,0.746806111111111,0.721542730512108,10,"0.005",2
3,3.96616144487606,0.297032083333333,0.3001768,0.298281514583333,0.00418876527345438,0.702967916666667,0.0806996504077819,0.107450716758825,0.0670781944444444,0.297032083333333,0.777078888888889,0.763013333333333,0.711270014100928,11,"0.005",2
4,4.52842135545705,0.294176944444444,0.2951788,0.293447182986111,-0.00248685794461299,0.705823055555556,0.0859280571574629,0.126940060502894,0.0723111111111111,0.294176944444445,0.781167777777778,0.775100555555556,0.708392841611625,9,"0.005",2
5,5.0662173213114,0.290304097222222,0.2923272,0.290613072222222,0.00106318341992431,0.709695902777778,0.0845861340997531,0.150310658077982,0.0789117361111112,0.290304097222222,0.794726666666667,0.782488611111111,0.704527105261536,11,"0.005",2
6,5.71082457036055,0.284034652777778,0.2848428,0.283413843402778,-0.00219046948288162,0.715965347222222,0.101338278167029,0.170120541155063,0.0850195138888888,0.284034652777778,0.8029675,0.799002222222222,0.698357821282668,11,"0.005",2
7,6.40166152826459,0.279429236111111,0.280952,0.279462795486111,0.000120085304884901,0.720570763888889,0.114579663018786,0.186368951679168,0.0887240972222221,0.279429236111111,0.811736944444444,0.806852777777778,0.693894375205458,11,"0.005",2
8,7.09788641189084,0.274221666666667,0.2751904,0.273852524652778,-0.00134795914099012,0.725778333333333,0.128219295221934,0.214963352521365,0.097211388888889,0.274221666666667,0.825624166666667,0.820355277777778,0.688915577988688,13,"0.005",2
9,7.6953030867514,0.269655347222222,0.2712416,0.270012831597222,0.00132395328357324,0.730344652777778,0.14111844383862,0.240984544870962,0.105660763888889,0.269655347222222,0.838583611111111,0.833427222222222,0.684608284730107,13,"0.005",2
10,8.2989586094299,0.265982361111111,0.2683176,0.267179410069444,0.00448031889142302,0.734017638888889,0.155164726503896,0.256698844724949,0.113602361111111,0.265982361111111,0.845469444444444,0.849770555555555,0.681182540458932,10,"0.005",2
11,9.09457886445543,0.262615694444444,0.264452,0.263264906597222,0.00246600339243487,0.737384305555556,0.166815931130861,0.275978807465954,0.120014305555556,0.262615694444444,0.858570277777778,0.856226944444445,0.67807247351609,12,"0.005",2
12,9.82844121831241,0.258213263888889,0.2589056,0.257896397222222,-0.00122865875630516,0.741786736111111,0.182989620399596,0.300913070935172,0.127687291666667,0.258213263888889,0.868497222222222,0.870450833333333,0.674048180776726,12,"0.005",2
13,10.4161430581808,0.254087569444444,0.2555428,0.25454259375,0.00178761557683527,0.745912430555556,0.195436627698515,0.313903045734339,0.132661041666667,0.254087569444444,0.879186944444444,0.87796,0.670319972583913,12,"0.005",2
14,10.7959760378608,0.2526625,0.2532108,0.252246328125,-0.00164986296567142,0.7473375,0.198871261327711,0.324701477827575,0.136596388888889,0.2526625,0.884444722222222,0.883423055555556,0.669041764932176,13,"0.005",2
15,11.382239978524,0.248976041666667,0.2505752,0.249790345486111,0.00325994912997837,0.751023958333333,0.211477235846948,0.341835320544888,0.140594236111111,0.248976041666667,0.893015,0.890221388888889,0.665757722442831,13,"0.005",2
0,1.46991554882981,0.330793958333333,0.3345224,0.332128914583333,0.00401939184269671,0.669206041666667,0.0081370574875681,0.0273921920586648,0.0443010416666666,0.330793958333333,0.712491944444444,0.714522222222222,0.747154043550987,13,"0.005",3
1,1.90438437632938,0.324146666666667,0.3276696,0.325585754166667,0.00441999529028326,0.675853333333333,0.0221334183822506,0.0549518603513073,0.0544869444444445,0.324146666666667,0.726015555555555,0.734665,0.739805480478999,9,"0.005",3
2,2.54289229589472,0.319060625,0.3212704,0.319269557986111,0.000654409356873984,0.680939375,0.0371175361116923,0.0762448187146122,0.0607377083333334,0.319060625,0.740362222222222,0.742991944444444,0.734279758752385,8,"0.005",3
3,3.88161358677504,0.308999652777778,0.3117564,0.309782638888889,0.00252753386671226,0.691000347222222,0.077809125431922,0.103945539764563,0.0699536805555556,0.308999652777778,0.762121944444444,0.759786111111111,0.723588637849414,11,"0.005",3
4,4.88985437463653,0.304348680555556,0.3060272,0.304211602083333,-0.000450602380985681,0.695651319444444,0.083824551909853,0.126986101420096,0.079823263888889,0.304348680555556,0.775003055555556,0.775946111111111,0.718750882840711,11,"0.005",3
5,5.30693814919241,0.300233680555556,0.3010132,0.299390904513889,-0.00281496875476243,0.699766319444444,0.0889838997219563,0.14340288370349,0.0841965972222223,0.300233680555556,0.784140833333333,0.783785,0.714524243460242,10,"0.005",3
6,5.86423158679168,0.295912708333333,0.297534,0.295938416319444,8.686937786177e-05,0.704087291666667,0.103035862356424,0.164284999556955,0.0896989583333334,0.295912708333333,0.796969444444444,0.790603055555556,0.710139219835135,14,"0.005",3
7,6.60811078230928,0.289004375,0.2914292,0.290072282986111,0.00368152370546292,0.710995625,0.123830215198568,0.1949601060975,0.0976389583333335,0.289004375,0.814354444444444,0.802914722222222,0.703239207695547,13,"0.005",3
8,7.19638783259126,0.284366875,0.2854596,0.284120063194444,-0.000868688408627688,0.715633125,0.13510189446405,0.213914612333485,0.104819513888889,0.284366875,0.826229444444445,0.814675833333333,0.698682023697548,9,"0.005",3
9,7.77901372032244,0.278493958333333,0.2795904,0.278260342708333,-0.00083955774195566,0.721506041666667,0.151864460489349,0.234200631983236,0.114817986111111,0.278493958333333,0.839194722222222,0.833453333333333,0.69299489002893,11,"0.005",3
10,8.56717346363396,0.270919513888889,0.2732596,0.272089131944444,0.00429865774938176,0.729080486111111,0.177851567694047,0.263615430397714,0.123822708333333,0.270919513888889,0.855804166666667,0.850002222222222,0.685795340192112,11,"0.005",3
11,9.20718294062435,0.264954097222222,0.266424,0.265438862152778,0.00182627715709763,0.735045902777778,0.196360312448533,0.278146146592023,0.130247013888889,0.264954097222222,0.869762777777778,0.860823055555555,0.680229626626682,11,"0.005",3
12,9.71580870147193,0.262015902777778,0.2639844,0.262981937152778,0.00367338679400944,0.737984097222222,0.208005347751199,0.293215293660241,0.135969375,0.262015902777778,0.880288888888889,0.867618055555555,0.677521374623117,16,"0.005",3
13,10.1649650380015,0.259252708333333,0.2609708,0.260037007291667,0.00301610515557742,0.740747291666667,0.218701722852615,0.309727444528307,0.142198125,0.259252708333333,0.892209444444445,0.873681388888889,0.674994030521543,14,"0.005",3
14,10.5686123583107,0.255958888888889,0.2578588,0.256971838194444,0.00394186893269272,0.744041111111111,0.229487868865846,0.32353174837456,0.1473425,0.255958888888889,0.89949,0.883277222222222,0.672005877811411,13,"0.005",3
15,10.9273485987846,0.252254305555556,0.2531164,0.252296479861111,0.000167161688418339,0.747745694444444,0.243780236543371,0.332388680666087,0.151034861111111,0.252254305555556,0.903563333333333,0.893997777777778,0.668676534970204,9,"0.005",3
0,1.16232750213124,0.330619583333333,0.3337572,0.331444012847222,0.00248738695506008,0.669380416666667,0.00669425245514932,0.0202287654974005,0.0394493055555555,0.330619583333333,0.707896666666667,0.709762777777778,0.746959408358351,8,"0.005",4
1,1.85470143770111,0.320074583333333,0.3234276,0.321323799652778,0.00388771799908477,0.679925416666667,0.0361026024060893,0.0552963775035362,0.0503062500000002,0.320074583333333,0.727796111111111,0.732667222222222,0.735374774561671,9,"0.005",4
2,2.59767971500658,0.312628888888889,0.3144664,0.312543844097222,-0.000272105156677298,0.687371111111111,0.0538584579480171,0.0853193107032697,0.0597958333333334,0.312628888888889,0.746706111111111,0.747627777777778,0.727409098109706,12,"0.005",4
3,3.90676540540996,0.306217152777778,0.3087156,0.306606092361111,0.00126853181663208,0.693782847222222,0.0780435323339731,0.107269180823296,0.065915902777778,0.306217152777778,0.760443333333333,0.758954166666667,0.720686598122031,15,"0.005",4
4,4.80252939384262,0.297750555555556,0.3003736,0.298552455902778,0.00268596131556663,0.702249444444444,0.0977768964868516,0.139475126524141,0.0769136111111112,0.297750555555556,0.784112777777778,0.774213333333333,0.711997715278442,11,"0.005",4
5,5.43727893843374,0.292700972222222,0.2949616,0.293206341666667,0.00172359656879092,0.707299027777778,0.113028241056477,0.155760749255747,0.0840748611111111,0.292700972222222,0.798731666666667,0.784016111111111,0.706914586848679,12,"0.005",4
6,6.06331203416711,0.286843402777778,0.288886,0.287360777430556,0.00180043587508327,0.713156597222222,0.134422874658017,0.179123801581618,0.0932971527777776,0.286843402777778,0.811389722222222,0.801517777777777,0.701108286661756,11,"0.005",4
7,6.51895065609995,0.286272986111111,0.2875928,0.286067528125,-0.000718214987411187,0.713727013888889,0.134424033285003,0.185789569095733,0.0988131250000001,0.286272986111111,0.819099166666667,0.805981111111111,0.700547954988626,10,"0.005",4
8,7.24740884918367,0.282669305555556,0.2843604,0.282985602083333,0.00111771243995875,0.717330694444444,0.141018929733043,0.211942346370594,0.107230972222222,0.282669305555556,0.832735833333333,0.8163875,0.697028586497666,9,"0.005",4
9,7.97353020008646,0.277381388888889,0.2794948,0.278231365625,0.00305492780873866,0.722618611111111,0.158233525688922,0.229138613412879,0.111818333333333,0.277381388888889,0.842926111111111,0.825947777777778,0.691927930324395,12,"0.005",4
10,8.54602198788694,0.270767430555556,0.2719244,0.270642495833333,-0.000461622709462187,0.729232569444444,0.179442342747731,0.251135093595004,0.118163958333333,0.270767430555556,0.855071111111111,0.839721944444444,0.685652315804981,10,"0.005",4
11,9.26588189224506,0.267096180555556,0.2691824,0.267990360069444,0.00333661074098791,0.732903819444444,0.188093416402342,0.26868194844884,0.125037152777778,0.267096180555556,0.86832,0.847561944444444,0.68221775727545,11,"0.005",4
12,9.82141920289749,0.263272638888889,0.2648508,0.263777564583333,0.00191421016128524,0.736727361111111,0.19916117252086,0.288028195288102,0.130349861111111,0.263272638888889,0.874300277777778,0.859854166666667,0.678677115026533,9,"0.005",4
13,10.3388628539935,0.257430347222222,0.2597288,0.258683327777778,0.00484368500405227,0.742569652777778,0.216069685075212,0.306928001693246,0.138915763888889,0.257430347222222,0.885736388888889,0.877234444444444,0.673337508649348,10,"0.005",4
14,10.7755392358169,0.256097708333333,0.2572404,0.256320092361111,0.000867602791998231,0.743902291666667,0.219616412549885,0.313978962981227,0.143294791666667,0.256097708333333,0.891490277777778,0.882903888888889,0.672131280681743,13,"0.005",4
15,11.3095787463164,0.252587013888889,0.2525084,0.251653337847222,-0.00371016752511167,0.747412986111111,0.228854519029247,0.3325647312312,0.147624652777778,0.252587013888889,0.895360833333333,0.894714444444444,0.668974194041726,12,"0.005",4
0,1.05569043884773,0.328592083333333,0.3317328,0.32946658125,0.00265428412602215,0.671407916666667,0.00331935809500661,0.0163343213178153,0.0387115277777778,0.328592083333333,0.70486,0.715378888888889,0.744703759947225,10,"0.005",5
1,2.2189721910561,0.321275902777778,0.3227372,0.320615897569444,-0.00205855421810567,0.678724097222222,0.00819515024937023,0.047891717703349,0.048722986111111,0.321275902777778,0.717011944444444,0.737882222222222,0.736676363851414,10,"0.005",5
2,3.25989466182459,0.312889513888889,0.3154072,0.313510657986111,0.0019812535280691,0.687110486111111,0.0262722967390767,0.0843291178797284,0.0613302083333334,0.312889513888889,0.737983611111111,0.758897777777778,0.727685008607402,10,"0.005",5
3,3.85657332098024,0.305766666666667,0.307456,0.305654682638889,-0.000366374324158599,0.694233333333333,0.0478641548923913,0.108480749604521,0.0694752777777777,0.305766666666667,0.746119166666667,0.781298055555556,0.720218946559754,9,"0.005",5
4,4.44289544267602,0.301417361111111,0.3036224,0.301844358680556,0.00141462829158378,0.698582638888889,0.0567912880506781,0.129239702879648,0.0756618055555555,0.301417361111111,0.754068888888889,0.79442,0.715734935519241,10,"0.005",5
5,5.05566415099525,0.294667222222222,0.2972924,0.295650143402778,0.00332460917908813,0.705332777777778,0.0804149949155123,0.154272039610834,0.0858047222222222,0.294667222222222,0.769631388888889,0.812643611111111,0.708885246443956,13,"0.005",5
6,5.71350686879697,0.291012708333333,0.2918592,0.290360935069444,-0.0022447002511996,0.708987291666667,0.0893967192127922,0.172695238626704,0.0946186805555554,0.291012708333333,0.784010555555556,0.823201388888889,0.705231258552766,11,"0.005",5
7,6.48563608005382,0.284644583333333,0.2866484,0.2852152,0.00200065307412329,0.715355416666667,0.112166931369525,0.199361195586101,0.10138625,0.284644583333333,0.795426944444444,0.838056388888889,0.698953259248171,10,"0.005",5
8,7.04698282300278,0.280196597222222,0.2809272,0.279470332986111,-0.00259871675233307,0.719803402777778,0.113906664231971,0.233107943340631,0.109157847222222,0.280196597222222,0.807284166666667,0.850638333333333,0.694634115468836,11,"0.005",5
9,7.84021860361918,0.272877152777778,0.275368,0.274196103125,0.00481024468324008,0.727122847222222,0.130384864092022,0.26741339276368,0.121053958333333,0.272877152777778,0.826747222222222,0.869606388888889,0.687641712690113,17,"0.005",5
10,8.49723352680065,0.266654722222222,0.267792,0.266690520138889,0.000134230180540531,0.733345277777778,0.149244325336495,0.285220384606995,0.126245,0.266654722222222,0.837629166666667,0.881551388888889,0.681807076627161,17,"0.005",5
11,9.0609828430666,0.261323125,0.2631788,0.262089136805556,0.00292271482478071,0.738676875,0.16666851112325,0.301579261514563,0.130168541666667,0.261323125,0.849608333333333,0.8880825,0.676885952331999,10,"0.005",5
12,9.61799536491476,0.255806875,0.2576284,0.256687265277778,0.00342981673370154,0.744193125,0.182284464324915,0.32509467348315,0.136299791666667,0.255806875,0.861892222222222,0.899093611111111,0.671868609374751,10,"0.005",5
13,9.86620259112821,0.253940694444444,0.2546428,0.253775563888889,-0.000650695256174699,0.746059305555556,0.193055908093274,0.331540887066812,0.140110972222222,0.253940694444444,0.868684444444444,0.903656111111111,0.670188008214271,11,"0.005",5
14,10.2311151102871,0.247788611111111,0.2496236,0.248895918402778,0.00444887685893949,0.752211388888889,0.210759456671823,0.360251598640468,0.145898888888889,0.247788611111111,0.881546111111111,0.914674444444444,0.664706766456385,12,"0.005",5
15,10.4417036200712,0.245077013888889,0.2451196,0.24448955,-0.00240281798910799,0.754922986111111,0.220766300136771,0.363830511024166,0.149925763888889,0.245077013888889,0.889574166666667,0.920123333333333,0.662319215600635,12,"0.005",5
