"cycle","index","GD","GD_pool","gd_ref","alpha","theta","F_hom","F_drift","GD_BS","GD_T","theta_A","theta_B","Ns","max_line","max_use","seed"
0,1.37497044777657,0.320049097222222,0.3280928,0.325827530902778,0.0177346391342228,0.679950902777778,0.0256536788564564,0.0312024654653885,0.0435017361111112,0.320049097222222,0.718329166666667,0.728576111111111,0.735347211037398,12,"none",1
1,2.9923922672759,0.308317222222222,0.3166112,0.314447460763889,0.019495271250639,0.691682777777778,0.0538961314461747,0.0773234323166305,0.0591719444444444,0.308317222222222,0.748241944444445,0.7534675,0.722874728219182,14,"none",1
2,4.0649280124585,0.298700138888889,0.3060416,0.304229691666667,0.0181755855172621,0.701299861111111,0.0786788677509119,0.116246429345727,0.0707306944444445,0.298700138888889,0.784456944444444,0.759604166666667,0.71296178386207,15,"none",1
3,4.83034405921582,0.290692569444444,0.2957268,0.294061714930556,0.0114572734737222,0.709307430555556,0.101423844284131,0.145155592020274,0.0786815972222223,0.290692569444444,0.793089166666667,0.782888888888889,0.704912959403769,11,"none",1
4,5.98339839626417,0.282111805555556,0.289556,0.287728762152778,0.0195217070243387,0.717888194444444,0.127593580282937,0.186344585394867,0.091940138888889,0.282111805555556,0.812878055555556,0.806778611111111,0.696487285721334,14,"none",1
5,6.5927015658925,0.275843611111111,0.2790964,0.277689403125,0.00664696597391594,0.724156388888889,0.140196540197391,0.217956010853862,0.101783611111111,0.275843611111111,0.833414166666667,0.818465833333333,0.690458591088558,12,"none",1
6,7.76769743790853,0.265466944444444,0.270646,0.269217595486111,0.0139316712746594,0.734533055555556,0.165559034925669,0.262401038214963,0.114188888888889,0.265466944444445,0.856552777777778,0.840891111111111,0.68070455947259,18,"none",1
7,8.61747115028128,0.258261180555556,0.2616044,0.260493570833333,0.00856984788774722,0.741738819444444,0.187348347313255,0.289801771754892,0.126369930555556,0.258261180555555,0.876058055555555,0.860159444444445,0.674091724597204,13,"none",1
8,9.55981330760232,0.246800208333333,0.2521856,0.251319494444444,0.0179822346097791,0.753199791666667,0.221101603031608,0.325517060370234,0.136389236111111,0.246800208333333,0.893104444444444,0.886073611111111,0.663834490572029,16,"none",1
9,10.0743710513557,0.242654236111111,0.2446664,0.243866591666667,0.00497138844345127,0.757345763888889,0.229924697029603,0.342498034322768,0.139732708333333,0.242654236111111,0.896068055555556,0.898088888888889,0.660200431349287,16,"none",1
10,10.6305730946608,0.2366025,0.2417836,0.241004148611111,0.0182637877251385,0.7633975,0.243915375881203,0.366573253003208,0.147485555555556,0.2366025,0.908594444444444,0.913171666666667,0.654966776810246,11,"none",1
11,11.284636706759,0.231136875,0.2335544,0.232908069444444,0.00760469333960502,0.768863125,0.260735714286298,0.383225957181742,0.153620347222222,0.231136875,0.925898611111111,0.919068333333333,0.650310807921761,14,"none",1
12,11.733047099211,0.227762013888889,0.2298172,0.22938776875,0.00708736507604729,0.772237986111111,0.263848059423438,0.408994682517704,0.160979652777778,0.227762013888889,0.937922222222222,0.928513055555556,0.647468797174734,20,"none",1
13,12.0022488880119,0.224599027777778,0.2275032,0.227135832638889,0.0111686686844532,0.775400972222222,0.274527443537553,0.423184892281537,0.167264305555555,0.224599027777778,0.94729,0.938040555555555,0.64482766711918,22,"none",1
14,12.4533633643278,0.21921,0.2233608,0.222976376041667,0.0168913680835985,0.78079,0.293491902303779,0.436223996916535,0.171003611111111,0.21921,0.954446388888889,0.949140833333333,0.640377054009401,15,"none",1
15,12.7336357493346,0.214422986111111,0.2184404,0.218078337847222,0.0167616452518632,0.785577013888889,0.307414248582345,0.45039832424497,0.175932847222222,0.214422986111111,0.961418888888889,0.961600833333333,0.636474834624832,14,"none",1
0,1.26858851111997,0.320892291666667,0.327496,0.325230071875,0.0133375741773367,0.679107708333333,0.0200047659578925,0.0228989963819396,0.0400935416666668,0.320892291666667,0.722432777777778,0.715969722222222,0.736260233633779,9,"none",2
1,2.59296988509537,0.311557708333333,0.318298,0.316213769791667,0.0147244108357487,0.688442291666667,0.0463351705068478,0.0589080466387439,0.0511356250000001,0.311557708333333,0.741758611111111,0.737397222222222,0.726277287221181,15,"none",2
2,3.47270257050627,0.296356597222222,0.3034144,0.301510279861111,0.0170928919613054,0.703643402777778,0.0977985574169977,0.099337946137375,0.063343125,0.296356597222222,0.775405,0.758568055555556,0.710587206568194,13,"none",2
3,3.92750405384432,0.290196319444444,0.2943428,0.292548783680556,0.00804127163516022,0.709803680555556,0.111811750396332,0.123479425940936,0.0720520138888889,0.290196319444445,0.783763333333333,0.779948055555555,0.704420128687774,11,"none",2
4,4.88112516314412,0.278160555555556,0.28452,0.282808320486111,0.0164343288152437,0.721839444444444,0.149319167501627,0.156187393016716,0.0796766666666667,0.278160555555556,0.806459722222222,0.7965725,0.69267480995697,15,"none",2
5,5.9829519138333,0.269465694444444,0.2753468,0.273644325694444,0.015270301108549,0.730534305555556,0.175121973302202,0.181828341318659,0.0883709722222221,0.269465694444444,0.821235,0.816575555555556,0.684430554729063,19,"none",2
6,7.03989861852459,0.258941805555556,0.2641116,0.2628925875,0.0150281222533307,0.741058194444444,0.208755691852249,0.222483904215846,0.101399305555556,0.258941805555556,0.847603888888889,0.837311111111111,0.674710844233818,16,"none",2
7,7.6526075143844,0.250484791666667,0.2552964,0.253958890625,0.013679768996405,0.749515208333333,0.232681947279915,0.247718552201106,0.107772430555556,0.250484791666667,0.865090277777778,0.849485,0.667097871318488,11,"none",2
8,8.58419845625835,0.240646111111111,0.2463876,0.24536953125,0.0192502309264972,0.759353888888889,0.259707880486821,0.278812050260967,0.116412222222222,0.240646111111111,0.883901666666667,0.867630555555556,0.658454519448917,17,"none",2
9,9.37021106360031,0.231976527777778,0.2337976,0.233019387152778,0.00447541892433296,0.768023472222222,0.285565734431112,0.310154710312265,0.12635875,0.231976527777778,0.900965555555555,0.887798888888889,0.651021769625458,14,"none",2
10,10.1059188828006,0.227239236111111,0.2315856,0.230751291319444,0.0152200890762141,0.772760763888889,0.301099090024833,0.329214172422626,0.134449097222222,0.227239236111111,0.923595833333333,0.890823888888889,0.647030780242735,22,"none",2
11,10.5369464228457,0.222882847222222,0.2269984,0.226302579861111,0.0151113285627929,0.777117152777778,0.313529048981022,0.347075721987414,0.139310208333333,0.222882847222222,0.935368055555555,0.897486666666667,0.643403633818618,10,"none",2
12,11.1352165322905,0.216020347222222,0.2204524,0.219912579166667,0.0176989963884451,0.783979652777778,0.338512459542999,0.363462586414899,0.145111319444444,0.216020347222222,0.949659444444445,0.9085225,0.637771654185682,13,"none",2
13,11.6678457273217,0.210582291666667,0.2143008,0.213851020486111,0.0152850746843022,0.789417708333333,0.351849499083844,0.386908111349496,0.148884097222222,0.210582291666667,0.952149444444444,0.924454166666667,0.633378241610048,16,"none",2
14,12.0968990516783,0.204231180555556,0.2085896,0.208102381597222,0.0186023870171716,0.795768819444444,0.370561587148236,0.406472824125795,0.153526597222222,0.204231180555556,0.959455,0.939135833333333,0.628323186059324,16,"none",2
15,12.4408844258021,0.199873402777778,0.2033528,0.202922297222222,0.0150249355846074,0.800126597222222,0.388995824600953,0.409884789795504,0.158260763888889,0.199873402777778,0.967258888888889,0.949515833333333,0.62490111156889,20,"none",2
0,1.74225379723394,0.326997013888889,0.3345224,0.332128914583333,0.015451532429456,0.673002986111111,0.0208727354658382,0.0361833482254012,0.0467979861111112,0.326997013888889,0.714955,0.724646944444444,0.742938754089646,16,"none",3
1,2.60459688113292,0.315998194444444,0.321748,0.319738922569444,0.0116993204797817,0.684001805555556,0.0540365796595228,0.0717517596090909,0.0588218055555556,0.315998194444445,0.732246388888889,0.753400833333333,0.730992222445807,9,"none",3
2,3.46365426382913,0.3054425,0.3119652,0.310057712152778,0.0148850100219527,0.6945575,0.0819304865162364,0.1047693018424,0.0681822222222221,0.3054425,0.752638055555556,0.772841388888889,0.719882803079659,10,"none",3
3,4.24596248808542,0.294220763888889,0.3015364,0.299645500347222,0.0181038475533499,0.705779236111111,0.122790392649403,0.136694787140156,0.079394513888889,0.294220763888889,0.773952222222222,0.796395277777778,0.708436823325991,11,"none",3
4,5.15264035285816,0.285065,0.2888172,0.286962314930556,0.00661172158098427,0.714935,0.144044536150806,0.168703147704002,0.0904325,0.285065,0.796477222222223,0.814257777777777,0.699364277871415,12,"none",3
5,6.03384849735353,0.272634097222222,0.2789596,0.277623115972222,0.0179704731449639,0.727365902777778,0.176748934563228,0.218250161237715,0.105012847222222,0.272634097222222,0.818373888888889,0.846383611111111,0.687411931313418,17,"none",3
6,6.54079170117912,0.270607222222222,0.2742932,0.272942125,0.00855457096546661,0.729392777777778,0.18467847847464,0.220744162182397,0.106401666666667,0.270607222222222,0.820865,0.850723888888889,0.68550171489679,12,"none",3
7,7.32733747985114,0.263316736111111,0.2700424,0.268687505208333,0.0199889053011897,0.736683263888889,0.203522983904586,0.249234746152404,0.114952430555555,0.263316736111111,0.832311388888889,0.87096,0.678717740050917,18,"none",3
8,7.99271617582816,0.254361180555556,0.2572444,0.25618599375,0.00712300140898878,0.745638819444444,0.230521054462921,0.273738982046895,0.122949375,0.254361180555555,0.860288055555556,0.876888333333333,0.670565945550604,19,"none",3
9,8.69773080036456,0.247473194444444,0.2508752,0.249967830902778,0.00997983000181949,0.752526805555556,0.250785666326042,0.301297897009211,0.131580972222222,0.247473194444444,0.876968333333333,0.891247222222222,0.664428158982155,12,"none",3
10,9.11313375350797,0.240641875,0.2459428,0.245189509027778,0.0185474249930594,0.759358125,0.269946691457833,0.323587757075719,0.138615347222222,0.240641875,0.892503611111111,0.903443333333333,0.658450846232797,13,"none",3
11,9.80238242440878,0.235093055555556,0.2390572,0.238237394791667,0.0131983446127789,0.764906944444444,0.28908447458148,0.339773014984048,0.143725277777778,0.235093055555555,0.909536111111111,0.907728333333333,0.653674284998357,16,"none",3
12,10.3793211609682,0.227303472222222,0.2322428,0.231677901388889,0.0188815123947615,0.772696527777778,0.312438197246783,0.359874203094341,0.148652638888889,0.227303472222222,0.930213888888889,0.912484444444444,0.647084569459586,12,"none",3
13,10.8651461689451,0.221518333333333,0.2261304,0.22556485,0.0179394824444793,0.778481666666667,0.325422612862464,0.381195071226925,0.1532875,0.221518333333333,0.938389166666667,0.925149166666667,0.642275883182862,20,"none",3
14,11.1426425447959,0.217133472222222,0.2203336,0.219772052083333,0.0120059845467093,0.782866527777778,0.334302634293378,0.399957578693896,0.157353194444444,0.217133472222222,0.946083888888889,0.934355555555555,0.638678474885477,13,"none",3
15,11.6587078026721,0.211203055555556,0.2157144,0.215230270138889,0.0187111904879114,0.788796944444444,0.352257673686526,0.413752357051048,0.161938333333334,0.211203055555556,0.954765833333333,0.946704722222222,0.633876694783793,16,"none",3
0,1.43905662375414,0.326025,0.3337572,0.331444012847222,0.0163497080567876,0.673975,0.0214542245166429,0.0313903090258271,0.0424475000000001,0.326025,0.718624166666667,0.714220833333334,0.741867279943618,12,"none",4
1,2.42913217984236,0.314102847222222,0.3199688,0.317896725694444,0.0119343112576402,0.685897152777778,0.068068869658311,0.0635250784670267,0.053518263888889,0.314102847222222,0.738096666666667,0.740734166666667,0.728972263516589,10,"none",4
2,3.20549332465076,0.301871180555556,0.307776,0.305802636111111,0.0128561859555951,0.698128819444444,0.101311992261996,0.105408856033147,0.0678185416666668,0.301871180555556,0.769320833333333,0.762573888888889,0.71620019983975,13,"none",4
3,4.33475767319179,0.290016319444444,0.2951256,0.293418147222222,0.0115937879438705,0.709983680555556,0.13369733239096,0.145969341295429,0.0806092361111109,0.290016319444444,0.804833055555555,0.776352777777778,0.704241539198133,14,"none",4
4,5.09878862123308,0.279940069444444,0.2864896,0.2849018375,0.0174157109659059,0.720059930555556,0.162245929121302,0.179345967368293,0.0907113194444444,0.279940069444444,0.827523611111111,0.794018888888889,0.694386645864643,11,"none",4
5,5.70583264885695,0.273378819444444,0.279932,0.278356822569444,0.0178835319323208,0.726621180555556,0.177536572848531,0.205673392448375,0.0984086805555555,0.273378819444444,0.843810277777778,0.806249444444444,0.688116467535,15,"none",4
6,6.53315021932407,0.263564027777778,0.2690756,0.267845943402778,0.0159864867490676,0.736435972222222,0.204500987896992,0.236387968213868,0.108655138888889,0.263564027777778,0.861350833333333,0.828831388888889,0.678945650212105,13,"none",4
7,7.38830753407635,0.254418125,0.2593224,0.258179511458333,0.0145688805323359,0.745581875,0.230189874148397,0.273813941442459,0.121055486111111,0.254418125,0.8774325,0.855842222222222,0.670617160590177,14,"none",4
8,8.00055837230644,0.245053888888889,0.2511048,0.250051873263889,0.0199877901723433,0.754946111111111,0.254016235791805,0.308393919343134,0.13331,0.245053888888889,0.893298333333333,0.883213888888889,0.662298927885213,13,"none",4
9,8.75601827418758,0.238023194444444,0.2423,0.241495572569444,0.0143786409334752,0.761976805555556,0.277161525864924,0.32874038912586,0.136021805555556,0.238023194444444,0.90574,0.890257222222222,0.656187952644374,19,"none",4
10,9.42140944023541,0.232099513888889,0.2354152,0.234615377777778,0.0107233545930301,0.767900486111111,0.294119913502823,0.353674998324527,0.143297152777778,0.232099513888889,0.924726944444444,0.897668333333333,0.651126036567781,17,"none",4
11,9.81454283654302,0.229295069444444,0.2325904,0.232022694097222,0.0117558528634051,0.770704930555556,0.301566920843925,0.363795284311606,0.146787430555556,0.229295069444444,0.931552222222222,0.9034325,0.648756716321485,11,"none",4
12,10.4399300904452,0.222979097222222,0.2272388,0.226698653125,0.0164074900821174,0.777020902777778,0.323116704895747,0.380378959438821,0.151443958333333,0.222979097222222,0.936529444444444,0.920400277777778,0.643483332575155,14,"none",4
13,11.0145623137999,0.218180972222222,0.2226208,0.222013455902778,0.0172623936912808,0.781819027777778,0.340047626356194,0.391165868048816,0.155597638888889,0.218180972222222,0.944317222222222,0.930516111111111,0.639534191718494,15,"none",4
14,11.4992632138361,0.212108819444444,0.2167224,0.2162058,0.0189494479590997,0.787891180555556,0.358155163375756,0.409632473358798,0.160222291666667,0.212108819444444,0.953227777777778,0.942999166666667,0.634605402801236,15,"none",4
15,11.8497931235413,0.206279236111111,0.2102572,0.209963324305556,0.0175463415176409,0.793720763888889,0.375728909029942,0.430370312202658,0.167239375,0.206279236111111,0.963014722222222,0.958905555555556,0.629944462521323,16,"none",4
0,1.40419975202733,0.324355902777778,0.3317328,0.32946658125,0.0155119783403592,0.675644097222222,0.0179463992528919,0.0277975909465937,0.0421188194444444,0.324355902777778,0.708958611111111,0.726567222222222,0.740034586338653,13,"none",5
1,2.71822706050576,0.311379791666667,0.3194372,0.317142218402778,0.0181698506276851,0.688620208333333,0.0541286016363086,0.0739632520482765,0.0582321527777778,0.311379791666667,0.731261944444444,0.762442777777778,0.72608964121188,13,"none",5
2,3.67603969060097,0.301757013888889,0.3077012,0.305722169444444,0.0129698005308579,0.698242986111111,0.0768419105006697,0.114428428365437,0.0720757638888888,0.301757013888889,0.741155277777778,0.799482222222222,0.716083097067351,18,"none",5
3,4.55436539541955,0.290177291666667,0.294468,0.293032619791667,0.00974406237445496,0.709822708333333,0.114404726075912,0.153329547521844,0.0849357638888887,0.290177291666667,0.763509166666667,0.826007777777778,0.704401245733603,11,"none",5
4,5.21344686608202,0.277517361111111,0.2845868,0.282872685763889,0.0189319256410914,0.722482638888889,0.151164486897396,0.19670887329633,0.0966151388888891,0.277517361111111,0.782400833333333,0.855794722222222,0.692058152108615,15,"none",5
5,5.91955865287034,0.267992083333333,0.2740196,0.272796425,0.0176114539135425,0.732007916666667,0.179358193442673,0.224688458602882,0.103340138888889,0.267992083333333,0.798907777777778,0.871788333333333,0.683052721993558,14,"none",5
6,6.8238340526269,0.257312152777778,0.2629732,0.261854601041667,0.017347215767143,0.742687847222222,0.203763607803196,0.262682562432955,0.113364513888889,0.257312152777778,0.822835,0.889269722222222,0.673230350907295,13,"none",5
7,7.4971002262146,0.249938194444444,0.25586,0.254867086458333,0.0193390683841584,0.750061805555556,0.225138743511151,0.291073183623021,0.123266527777778,0.249938194444445,0.850950833333333,0.895705833333333,0.666611732922009,15,"none",5
8,8.06034787786637,0.241218263888889,0.2456636,0.244779628819444,0.0145492700831836,0.758781736111111,0.25222275354542,0.320203652723641,0.131710347222222,0.241218263888889,0.870827222222222,0.910156944444444,0.658951021360355,12,"none",5
9,8.56899467686467,0.235745,0.239284,0.23850013125,0.0115519066407223,0.764255,0.269647883193855,0.337763460784623,0.136455555555556,0.235745,0.880067777777778,0.921353333333333,0.654231899038933,13,"none",5
10,9.1159790560634,0.227158958333333,0.2320964,0.231467422222222,0.0186136945213505,0.772841041666667,0.298447156162826,0.365763840227266,0.143741319444444,0.227158958333333,0.895635277777778,0.937529444444444,0.646963570829167,14,"none",5
11,9.57705333194693,0.220013055555556,0.2248356,0.224202345486111,0.0186853082266935,0.779986944444444,0.321001302385383,0.387871784158184,0.151979444444444,0.220013055555556,0.916719722222222,0.947213055555556,0.641036370623013,15,"none",5
12,9.92063574820577,0.214002013888889,0.2184768,0.217887392708333,0.0178320497168255,0.785997986111111,0.337994760816108,0.410273461664325,0.158147430555555,0.214002013888889,0.9336975,0.954593333333333,0.636133945423772,15,"none",5
13,10.2293566506676,0.207898819444444,0.2123868,0.211925759375,0.019001653892531,0.792101180555556,0.356460510201595,0.427470897197827,0.160704791666667,0.207898819444445,0.947411944444444,0.9582,0.631232489325815,20,"none",5
14,10.4721232615196,0.205063333333333,0.2092676,0.209043638194444,0.0190405452923123,0.794936666666667,0.365321610603237,0.436091709956688,0.164576111111111,0.205063333333333,0.956411111111111,0.962614444444444,0.628980925105145,13,"none",5
15,10.7029087463665,0.200935625,0.2047324,0.204411896875,0.0170062111263799,0.799064375,0.377819630814619,0.45146694914421,0.168940208333333,0.200935625,0.968917777777778,0.967091388888889,0.625731812909317,16,"none",5
0,1.30650220697609,0.319525277777778,0.3280928,0.325827530902778,0.0193422977718864,0.680474722222222,0.0315963741219243,0.024333529042911,0.0419213888888889,0.319525277777778,0.720958888888889,0.723833333333333,0.734781151557185,6,"6",1
1,2.37631940219604,0.307842708333333,0.3140612,0.312063798611111,0.0135263695967438,0.692157291666667,0.0697234534962642,0.0657469206767179,0.0566086805555555,0.307842708333333,0.750222777777778,0.747309166666667,0.722379155749461,6,"6",1
2,3.23802927736465,0.299278541666667,0.303426,0.301586732986111,0.00765349090986283,0.700721458333333,0.0946757026475649,0.0920316476169963,0.0661295138888889,0.299278541666667,0.764284722222222,0.769417222222222,0.713550290281177,6,"6",1
3,3.96279574202353,0.287257361111111,0.2943172,0.292560130208333,0.0181253990194976,0.712742638888889,0.132070664979824,0.12773348611218,0.0772526388888889,0.287257361111111,0.7833425,0.796648055555556,0.701515487805615,6,"6",1
4,5.17317503363826,0.275625833333333,0.2807504,0.279224278472222,0.0128872931772902,0.724374166666667,0.164042173414852,0.167446941984066,0.08729,0.275625833333333,0.806852777777778,0.816475555555556,0.690251009779706,6,"6",1
5,6.08742433015289,0.266576666666667,0.271636,0.270116847916667,0.013106110475168,0.733423333333333,0.195130755892735,0.201559816276239,0.0986744444444443,0.266576666666666,0.83503,0.829165555555556,0.681734514400505,6,"6",1
6,6.95721677891651,0.260004097222222,0.2638284,0.262486459027778,0.00945710424358657,0.739995902777778,0.22287286990396,0.224807960203469,0.109522569444444,0.260004097222222,0.848208888888889,0.850828055555556,0.675679416768542,6,"6",1
7,7.64947376613196,0.253398611111111,0.2584184,0.257370459027778,0.015432415715737,0.746601388888889,0.24058606631412,0.248873431458212,0.114956666666667,0.253398611111111,0.855285,0.867831111111111,0.669701406186925,6,"6",1
8,8.2261324292123,0.246544027777778,0.2518548,0.250813269444444,0.017021594097167,0.753455972222222,0.257768571952011,0.276109033603582,0.123600138888889,0.246544027777778,0.870622222222222,0.88349,0.663608781977418,6,"6",1
9,8.73850564270614,0.238715833333333,0.24284,0.242080156944444,0.0138975604344275,0.761284166666667,0.284718572419936,0.301553596842241,0.130178888888889,0.238715833333333,0.889107777777778,0.893818333333333,0.65678497188413,6,"6",1
10,9.48820356665946,0.231874583333333,0.236732,0.235876318055556,0.0169653942168103,0.768125416666667,0.30987765529685,0.312853996801635,0.133623472222222,0.231874583333333,0.895620833333333,0.907876944444444,0.650935367000072,6,"6",1
11,9.85862828446037,0.228863055555556,0.2306432,0.229893722222222,0.00448323101955088,0.771136944444444,0.318365330630747,0.324556109118871,0.138707777777778,0.228863055555556,0.905566944444445,0.9141225,0.648393263482167,6,"6",1
12,10.2153613540233,0.225907916666667,0.2278316,0.227150836458333,0.00547178170701862,0.774092083333333,0.326664007996678,0.338547434235886,0.144366527777778,0.225907916666667,0.9119,0.925017222222222,0.645917986716697,6,"6",1
13,10.5555131360697,0.222425763888889,0.2242,0.223606684722222,0.00528124118829601,0.777574236111111,0.334416911275101,0.355053026459939,0.148358958333333,0.222425763888889,0.921886666666667,0.929979722222222,0.64302542031312,6,"6",1
14,11.0571706551936,0.217042916666667,0.2201012,0.219585335069444,0.0115782704795553,0.782957083333333,0.347033610335831,0.372984081064217,0.153077638888889,0.217042916666667,0.935178888888889,0.936890555555556,0.63860460636146,6,"6",1
15,11.288651163735,0.212813125,0.2153652,0.214876010416667,0.00960035237375492,0.787186875,0.359518673333928,0.382532695771241,0.155334375,0.212813125,0.941910555555556,0.943131944444444,0.635173191880264,6,"6",1
0,1.29056184268919,0.319305694444444,0.327496,0.325230071875,0.0182159583103759,0.680694305555556,0.0262067895091426,0.0238471835590975,0.0396118055555554,0.319305694444444,0.722994166666667,0.717618055555555,0.734544120494618,6,"6",2
1,2.58279552395779,0.309552777777778,0.3169344,0.314991526736111,0.0172663341604415,0.690447222222222,0.0582948609115628,0.0521372117249264,0.0509880555555556,0.309552777777778,0.746192222222222,0.736678333333333,0.724168312808526,6,"6",2
2,3.36421144152499,0.297418888888889,0.3042964,0.302434388541667,0.0165837611157991,0.702581111111111,0.0900765621990232,0.0929697400803473,0.0611127777777778,0.297418888888889,0.768681111111111,0.758706666666667,0.711661603326148,6,"6",2
3,4.27702826860825,0.287125763888889,0.2909812,0.289295525347222,0.00750015561329228,0.712874236111111,0.116910642566857,0.127160399471568,0.0701809027777777,0.287125763888889,0.785612777777778,0.7804975,0.701385987418499,6,"6",2
4,5.32948131933171,0.274412083333333,0.2801496,0.278522176736111,0.0147567904679703,0.725587916666667,0.154134103671461,0.164466610597176,0.0814704166666665,0.274412083333333,0.811471666666667,0.802645,0.68909637070169,6,"6",2
5,6.09208909412999,0.266572777777778,0.2732048,0.271680642361111,0.0188009883182774,0.733427222222222,0.177143593845127,0.187087253790485,0.0889277777777778,0.266572777777778,0.825852222222222,0.818857777777778,0.68173089960452,6,"6",2
6,6.88903769417105,0.258355555555556,0.2624616,0.261261211458333,0.0111216505755243,0.741644444444444,0.205045446239293,0.221587072712815,0.0998097222222222,0.258355555555555,0.841113611111111,0.841794722222222,0.674177503445796,6,"6",2
7,7.78888109282184,0.251395277777778,0.2571604,0.255856390277778,0.0174360018725999,0.748604722222222,0.220883454550104,0.255834517012997,0.107128611111111,0.251395277777778,0.8596875,0.851779166666667,0.667909225199325,6,"6",2
8,8.6254708938617,0.243980694444444,0.249864,0.248802425694444,0.019379759809583,0.756019305555556,0.244007436690162,0.277114679459318,0.112710138888889,0.243980694444444,0.873498888888889,0.86396,0.661358772620996,6,"6",2
9,9.16164406395479,0.237546805555556,0.2426364,0.241608830555556,0.0168124028855229,0.762453194444444,0.260658259456587,0.300850134265999,0.11751875,0.237546805555555,0.883857777777778,0.876086111111111,0.65577795941208,6,"6",2
10,9.89793982465536,0.231196736111111,0.2357328,0.234770486458333,0.0152223152114841,0.768803263888889,0.282887155235036,0.31842336843811,0.122394375,0.231196736111111,0.892929444444445,0.889465833333333,0.650361442888284,6,"6",2
11,10.5192566999781,0.222899236111111,0.2281632,0.227384284375,0.0197245305506349,0.777100763888889,0.302568625241395,0.345417060737741,0.129281319444444,0.222899236111111,0.906198611111111,0.906565555555556,0.643417203063631,6,"6",2
12,10.7889767392107,0.219719166666667,0.22406,0.223367897569444,0.0163350729557876,0.780280833333333,0.315375582086321,0.361593974989265,0.135222222222222,0.219719166666667,0.913474722222222,0.917531388888889,0.640794927467354,6,"6",2
13,11.1800532030144,0.213082777777778,0.217868,0.217310572916667,0.0194550825675205,0.786917222222222,0.33504002371187,0.382346057486339,0.140542777777778,0.213082777777778,0.9222925,0.9326275,0.635390846559464,6,"6",2
14,11.5285947223706,0.211279444444444,0.2123448,0.211778102777778,0.00235462650195034,0.788720555555556,0.343155178473514,0.390185942999413,0.143212222222222,0.211279444444444,0.927269444444444,0.936596111111111,0.633938086788942,6,"6",2
15,11.9713275337186,0.208772638888889,0.2104612,0.210026093402778,0.00596808945774707,0.791227361111111,0.351590543500309,0.396335895811232,0.144588472222222,0.208772638888889,0.933974166666667,0.9376575,0.631929612871142,6,"6",2
0,1.32360495497548,0.328296388888889,0.3345224,0.332128914583333,0.0115392714279407,0.671703611111111,0.0189564404691767,0.0252570008721449,0.0436766666666666,0.328296388888889,0.715954444444444,0.714806111111111,0.74437592969452,6,"6",3
1,2.7571669050685,0.314217430555556,0.3222188,0.320219425347222,0.0187433813084844,0.685782569444444,0.0551738276981067,0.0736967220437003,0.0568384027777777,0.314217430555556,0.741267777777778,0.743974166666667,0.729094063159191,6,"6",3
2,3.86084799645611,0.302170694444444,0.308038,0.306188097569444,0.0131207031131863,0.697829305555556,0.095395827338471,0.106749774123592,0.0684768055555555,0.302170694444444,0.764885277777778,0.767726944444445,0.716507598662599,6,"6",3
3,4.63165691271373,0.290483263888889,0.2957756,0.293843048263889,0.0114339420137744,0.709516736111111,0.135965821399257,0.139636116976013,0.0794614583333334,0.290483263888889,0.794170555555555,0.783785833333333,0.704705011950133,6,"6",3
4,5.51248173379476,0.276640694444445,0.283818,0.282160646527778,0.0195631536547031,0.723359305555555,0.176997651939769,0.179304138353901,0.0921412500000001,0.276640694444444,0.829338333333333,0.801662777777778,0.691219420500838,6,"6",3
5,6.33620609316623,0.269411875,0.275246,0.273922592361111,0.0164671242420365,0.730588125,0.198979007078934,0.199876419982875,0.0991134027777778,0.269411875,0.840934166666667,0.818468888888889,0.684380135524376,6,"6",3
6,7.09238850388668,0.260831597222222,0.2671516,0.265883955902778,0.0190021194148434,0.739168402777778,0.232092643095902,0.222645533576486,0.109740902777778,0.260831597222222,0.863916666666667,0.833901944444444,0.676435840765124,6,"6",3
7,7.75825953769649,0.257059236111111,0.25823,0.257128037152778,0.000267575027711748,0.742940763888889,0.236797113818472,0.241213500115406,0.115718541666667,0.257059236111111,0.868570833333333,0.848747777777778,0.673001165507157,6,"6",3
8,8.52246721389341,0.249351388888889,0.2545596,0.253510904861111,0.0164076412196197,0.750648611111111,0.258963573513856,0.266859417252879,0.119422222222222,0.249351388888889,0.880027777777778,0.860113888888889,0.666090621629073,6,"6",3
9,9.18705968752572,0.239673888888889,0.2441888,0.243273359375,0.0147959912065943,0.760326111111111,0.282766225451737,0.295033795738913,0.12563,0.239673888888889,0.894705555555556,0.877206666666667,0.65761255952307,6,"6",3
10,9.58266289866893,0.234373333333333,0.2350068,0.234133425347222,-0.00102466354710058,0.765626666666667,0.294453691496275,0.313171054160532,0.13027,0.234373333333333,0.90443,0.887363333333333,0.653059802863014,6,"6",3
11,10.1218629017932,0.231526180555556,0.2329836,0.232169192013889,0.00276958132453208,0.768473819444444,0.300547431465898,0.323303811706393,0.132952708333333,0.231526180555556,0.911573611111111,0.891279444444445,0.650640252600234,6,"6",3
12,10.7645123661921,0.223603958333333,0.2279264,0.227227926736111,0.0159486047988565,0.776396041666667,0.322607917627581,0.345880075605507,0.139352708333333,0.223603958333333,0.9301075,0.90139,0.644001222528988,6,"6",3
13,11.3351475978516,0.218498541666667,0.2225868,0.221956079166667,0.0155775751355009,0.781501458333333,0.334191245724399,0.365831030723694,0.146164236111111,0.218498541666667,0.938353888888889,0.9169775,0.639794071614816,6,"6",3
14,11.6705254178352,0.212363611111111,0.2167992,0.216319598958333,0.0182876996179352,0.787636388888889,0.352736575122567,0.389334720593097,0.155468611111111,0.212363611111111,0.943390277777778,0.942819722222222,0.634810690635237,6,"6",3
15,11.9640670486328,0.210290208333333,0.2102372,0.209847844097222,-0.00210802373507424,0.789709791666667,0.357738289898992,0.399971875040504,0.157387291666667,0.210290208333333,0.947755555555556,0.946438611111111,0.633143979315186,6,"6",3
0,1.28283404287598,0.325542916666667,0.3337572,0.331444012847222,0.0178042020728118,0.674457083333333,0.0316086150939824,0.0267659087881895,0.0413865277777778,0.325542916666667,0.711264722222222,0.7204225,0.741337013659752,6,"6",4
1,2.1751991796797,0.312303819444444,0.3207236,0.318562782986111,0.0196475039645155,0.687696180555556,0.0697188736664393,0.0674687569194382,0.0542139583333334,0.312303819444445,0.736860555555556,0.746959722222222,0.727065256631315,6,"6",4
2,3.20830723710092,0.301311458333333,0.3072256,0.305278054513889,0.0129933879029459,0.698688541666667,0.0955854436917284,0.103406361676511,0.0657315972222222,0.301311458333333,0.76172,0.767120277777778,0.715626448957198,6,"6",4
3,3.83945219308444,0.291519930555556,0.2975356,0.295698163194444,0.0141300594963159,0.708480069444444,0.135177124164805,0.131949895577502,0.0751036805555556,0.291519930555556,0.786044722222222,0.781122777777778,0.705736154853411,6,"6",4
4,4.6223042140065,0.281487777777778,0.287344,0.285641551736111,0.0145419107727393,0.718512222222222,0.165991904236107,0.158229809313659,0.0828161111111111,0.281487777777778,0.806473611111111,0.796183055555556,0.695882386598233,6,"6",4
5,5.35804868523564,0.276879166666667,0.2805684,0.279152909027778,0.00814515015813378,0.723120833333333,0.16955747912688,0.18545254308301,0.0939363888888889,0.276879166666667,0.822408055555556,0.811706388888889,0.691447372211883,6,"6",4
6,6.03263386219595,0.265880763888889,0.2721964,0.270829344097222,0.0182719499056824,0.734119236111111,0.204977449686539,0.211695461245111,0.101763958333333,0.265880763888889,0.835869444444445,0.835896944444444,0.681088269323491,6,"6",4
7,6.88695496801154,0.257672916666667,0.2640192,0.262817832291667,0.0195759761814423,0.742327083333333,0.229415966372375,0.241152478460345,0.11069375,0.257672916666667,0.85784,0.848201666666667,0.673557534442645,6,"6",4
8,7.59711557760519,0.2481325,0.2538052,0.252718069097222,0.0181449989452798,0.7518675,0.254708875422048,0.27142536176151,0.120332777777778,0.2481325,0.877228611111111,0.867171944444444,0.665010789800064,6,"6",4
9,8.18354477544203,0.238212083333333,0.2438892,0.242971224305556,0.0195872617665919,0.761787916666667,0.290117491455901,0.299230524880596,0.128792361111111,0.238212083333333,0.888018333333333,0.893142222222222,0.656350657526619,6,"6",4
10,8.66661262485528,0.233492361111111,0.2385744,0.237736649305556,0.017852898183104,0.766507638888889,0.308204023011591,0.311306516582325,0.135657083333333,0.233492361111111,0.900021666666667,0.904307777777778,0.652309219937831,6,"6",4
11,9.22982947507194,0.227850833333333,0.2320452,0.231382898263889,0.0152650215597493,0.772149166666667,0.330849383980695,0.32778654173672,0.141640833333333,0.227850833333333,0.913617777777778,0.913962222222222,0.647543274777434,6,"6",4
12,9.84707338075299,0.220612708333333,0.2255916,0.224960752777778,0.0193280134012511,0.779387291666667,0.353894970976716,0.349796483082437,0.146349791666667,0.220612708333333,0.927846388888889,0.923627777777778,0.641529577587523,6,"6",4
13,10.3544470446569,0.216602569444444,0.2185344,0.217973722222222,0.00629044989367982,0.783397430555556,0.366750318699856,0.364881119734868,0.151166319444444,0.216602569444444,0.9364675,0.93266,0.638245647098203,6,"6",4
14,10.7266994372245,0.2146575,0.2166268,0.216099555208333,0.00667310586059812,0.7853425,0.371342381931826,0.381658211095862,0.156133055555555,0.2146575,0.945433888888889,0.937517222222222,0.636664894616043,6,"6",4
15,11.0754234467767,0.20942,0.2116132,0.211278262152778,0.00879533054580884,0.79058,0.387690995173249,0.391867230316163,0.15728,0.20942,0.95318,0.94254,0.632447064180728,6,"6",4
0,1.32399331729105,0.323135069444444,0.3317328,0.32946658125,0.019217462910908,0.676864930555556,0.0284747686906325,0.0235006494066741,0.0403563194444445,0.323135069444444,0.714294722222222,0.720147777777778,0.738699816504914,6,"6",5
1,2.28978421269486,0.308586180555556,0.3159212,0.313877873611111,0.016859082784892,0.691413819444444,0.0651498886115911,0.0743402966940011,0.0564915972222222,0.308586180555555,0.742982777777778,0.752828055555556,0.723155924771294,6,"6",5
2,3.0566245227159,0.297549722222222,0.3044856,0.302578280208333,0.0166190315532524,0.702450277777778,0.0935165453707766,0.113654439798967,0.0694747222222223,0.297549722222222,0.758118611111111,0.785731388888889,0.711794152294686,6,"6",5
3,3.8742273407694,0.288878888888889,0.2958156,0.294088254513889,0.0177136133287973,0.711121111111111,0.125487745302736,0.14579121398638,0.0785936111111112,0.288878888888889,0.775573055555555,0.803856388888889,0.703115112443731,6,"6",5
4,4.51276654933928,0.277213263888889,0.2834492,0.281920331944444,0.0166964476208233,0.722786736111111,0.163742936312802,0.182285544730804,0.089201736111111,0.277213263888889,0.805732222222222,0.818244722222222,0.691766983287774,6,"6",5
5,5.06644276273939,0.271170069444444,0.2763184,0.274892551041667,0.0135415877335213,0.728829930555556,0.186952875713588,0.196985493780444,0.0949604861111111,0.271170069444444,0.824531111111111,0.823049722222222,0.686031101410547,6,"6",5
6,5.61950011581628,0.261749027777778,0.2681592,0.266930038888889,0.0194096218345353,0.738250972222222,0.213704038237752,0.224525865127524,0.101734027777778,0.261749027777778,0.834947777777778,0.845022222222222,0.677276453148367,6,"6",5
7,6.35735189410556,0.255230555555556,0.2605904,0.259410166666667,0.0161119788203282,0.744769444444444,0.233348094574013,0.244504148366927,0.109731666666667,0.255230555555555,0.8509425,0.858059722222222,0.671348702245661,6,"6",5
8,7.05781322505562,0.248219444444444,0.2540268,0.252905687152778,0.0185296058823004,0.751780555555556,0.254959402499965,0.268374098186624,0.116994166666667,0.248219444444444,0.862018888888889,0.875530555555555,0.665087699203003,6,"6",5
9,7.75510172651974,0.241530763888889,0.2471828,0.246157417361111,0.0187955070451316,0.758469236111111,0.270239620718119,0.297650888407677,0.129255625,0.241530763888889,0.885484166666667,0.889965555555556,0.659222518455255,6,"6",5
10,8.44243383959706,0.233091944444444,0.2379808,0.237232332638889,0.0174528832068891,0.766908055555556,0.297494337149426,0.323512184850751,0.138472222222222,0.233091944444444,0.904553888888889,0.906206666666667,0.651968637410902,6,"6",5
11,9.0038365378859,0.226732569444444,0.230588,0.229934647569444,0.0139260357621091,0.773267430555556,0.317234335139958,0.345311959499149,0.146036041666667,0.226732569444444,0.9233875,0.915219444444445,0.646606827395761,6,"6",5
12,9.5138946052958,0.219447291666667,0.2244484,0.22388826875,0.0198356845944985,0.780552708333333,0.342041387286021,0.369633219062562,0.154946041666667,0.219447291666667,0.936068888888889,0.934928611111111,0.640571731622864,6,"6",5
13,9.76706164483048,0.216735555555556,0.2199676,0.219404027083333,0.012162363486447,0.783264444444444,0.348297686979025,0.381643341158368,0.158653888888889,0.216735555555556,0.941458888888889,0.942377777777778,0.63835401127475,6,"6",5
14,9.86823663313319,0.211818819444444,0.2146248,0.214244540277778,0.0113222060650332,0.788181180555556,0.363503977773154,0.396105510814625,0.163832847222222,0.211818819444444,0.95936,0.944668055555556,0.63437190881362,6,"6",5
15,10.0419831193314,0.208727777777778,0.2108412,0.210479648611111,0.00832323146153766,0.791272222222222,0.372503103008978,0.401958605171337,0.164345,0.208727777777778,0.962655,0.948579444444445,0.63189378567567,6,"6",5
0,0.549822704216692,0.326157569444444,0.3280928,0.325827530902778,-0.00101292404835217,0.673842430555556,0.00648505844200842,0.00440451998971588,0.0348390972222222,0.326157569444444,0.7082,0.709163055555556,0.742013232363196,3,"3",1
1,0.921584915390538,0.318614375,0.3196524,0.317566951736111,-0.00329827539724373,0.681385625,0.0342453792224148,0.027312850059178,0.043623125,0.318614375,0.7234375,0.72658,0.733798867564898,3,"3",1
2,1.57931385317338,0.311536875,0.3128544,0.310761796527778,-0.00249412405540982,0.688463125,0.0539843826157119,0.0479130193478123,0.050860625,0.311536875,0.7350525,0.743595,0.726255309607178,3,"3",1
3,1.91088502782183,0.304072777777778,0.305342,0.303352461805556,-0.00237451830103799,0.695927222222222,0.0805769485669674,0.0680326954795878,0.0578855555555556,0.304072777777778,0.751948055555556,0.7556775,0.71846593154297,3,"3",1
4,2.15934269388377,0.298074513888889,0.3014824,0.299552116319444,0.00493270569646014,0.701925486111111,0.0974868507347872,0.0831587908912572,0.0608804861111111,0.298074513888889,0.766724444444445,0.7588875,0.712326322228529,3,"3",1
5,2.63695123315234,0.292485486111111,0.2944972,0.292736498958333,0.000857470278272011,0.707514513888889,0.116007764875286,0.101861506548685,0.0659561805555555,0.292485486111111,0.775751388888889,0.77119,0.706699283456003,3,"3",1
6,2.91934543967859,0.288415069444444,0.2892972,0.287701967013889,-0.00247861506807521,0.711584930555556,0.130867736166346,0.117638504755043,0.0723390972222223,0.288415069444445,0.784468055555556,0.78338,0.702656813726557,3,"3",1
7,3.27562330094805,0.283183194444444,0.2847748,0.283337928472222,0.000546111241132318,0.716816805555556,0.148113961776958,0.135511431284618,0.0785601388888888,0.283183194444444,0.793368888888889,0.797385,0.697528289131676,3,"3",1
8,3.53253913199887,0.276688611111111,0.27928,0.277786348958333,0.00395173431429807,0.723311388888889,0.167614534069764,0.155036528608561,0.0859930555555556,0.276688611111111,0.8030225,0.815586388888889,0.691265211194963,3,"3",1
9,3.64752651019572,0.268567013888889,0.271124,0.269674311458333,0.0041060550538032,0.731432986111111,0.19528080033951,0.175424953865091,0.0912021527777778,0.268567013888889,0.811312777777778,0.8339575,0.683589624058937,3,"3",1
10,3.85765429773895,0.263794375,0.2643864,0.263204214583333,-0.00224221491894027,0.736205625,0.207933482069304,0.192871029610446,0.0958181250000001,0.263794375,0.824435,0.8396125,0.67915808168404,3,"3",1
11,4.33872287481104,0.258193611111111,0.2598924,0.258632111111111,0.00169545845686412,0.741806388888889,0.221347995622738,0.208133650938798,0.0981705555555558,0.258193611111111,0.8322925,0.847661388888889,0.674030323126392,3,"3",1
12,4.56717005926506,0.254023125,0.2555844,0.254396535069444,0.0014678268685636,0.745976875,0.231795185917427,0.221197647873658,0.102505208333333,0.254023125,0.840195,0.856769166666667,0.670262064088783,3,"3",1
13,4.87044878276872,0.249710069444444,0.2512248,0.250156885069444,0.00178614162418917,0.750289930555556,0.243269948815078,0.237403414212597,0.107731597222222,0.249710069444444,0.848545,0.867498055555556,0.666409050205129,3,"3",1
14,5.15275934120631,0.245476805555556,0.2462784,0.245238908680556,-0.000970061709538227,0.754523194444444,0.260424156684974,0.245515411162708,0.110408194444444,0.245476805555555,0.855597777777778,0.874265,0.662670152066233,3,"3",1
15,5.37148059560971,0.241789861111111,0.2420088,0.240988548611111,-0.00332510612897661,0.758210138888889,0.270152034545305,0.256610314028501,0.114229305555556,0.241789861111111,0.862943888888889,0.881935,0.659447789411943,3,"3",1
0,0.476316781678763,0.3256525,0.327496,0.325230071875,-0.00129885936612388,0.6743475,0.00678944066239595,0.00480218085770955,0.0342825,0.3256525,0.71056,0.7067,0.741457482974283,3,"3",2
1,0.980283995632382,0.320419513888889,0.3219824,0.319887023611111,-0.00166461981410396,0.679580486111111,0.0192802131141255,0.0236927760252417,0.0398438194444444,0.320419513888889,0.724393611111111,0.714455,0.735748024286634,3,"3",2
2,1.54043816248405,0.308254791666667,0.3111932,0.309226221180556,0.00314148493028873,0.691745208333333,0.0629130400453085,0.0559117301001877,0.0501327083333334,0.308254791666667,0.746423333333333,0.7373325,0.722809488199683,3,"3",2
3,1.96344168595218,0.302270902777778,0.3047928,0.302963857986111,0.00228725371052364,0.697729097222222,0.0892474896940868,0.0739974876070312,0.0572124305555557,0.302270902777778,0.754125,0.755758055555556,0.716610503977238,3,"3",2
4,2.48475493306598,0.296319097222222,0.298706,0.296814501041667,0.00166906878776405,0.703680902777778,0.101242701767566,0.095955805660325,0.0631742361111108,0.296319097222222,0.7667625,0.766947777777778,0.710549338522975,3,"3",2
5,3.00037063603019,0.289685,0.2916492,0.289858825347222,0.000599689683465879,0.710315,0.119485091659744,0.113173889236839,0.0681691666666666,0.289685,0.775095833333334,0.7818725,0.703913052659735,3,"3",2
6,3.34200361028703,0.282878194444444,0.2845852,0.283021053819444,0.000504765893109721,0.717121805555556,0.138217342921945,0.134685779525509,0.0758918055555556,0.282878194444444,0.78434,0.801687222222222,0.697231622475416,3,"3",2
7,3.66676958420025,0.2800675,0.279046,0.277517761111111,-0.00918766020120809,0.7199325,0.142863311417434,0.148293033839967,0.078485,0.2800675,0.793205,0.80363,0.694509554715199,3,"3",2
8,4.16553297053904,0.275765972222222,0.2767632,0.275270819791667,-0.00179878285293836,0.724234027777778,0.156182790663394,0.16474930784065,0.0848298611111112,0.275765972222222,0.801285277777778,0.8168425,0.69038457297317,3,"3",2
9,4.38256933363168,0.26966,0.270374,0.268916988541667,-0.00276297701518477,0.73034,0.179077945002725,0.183373546264548,0.0900700000000002,0.26966,0.808495,0.832325,0.6846126461648,3,"3",2
10,4.95296089290542,0.262163888888889,0.2632104,0.261968887152778,-0.000744369830442368,0.737836111111111,0.199350975478777,0.205172559378474,0.0956819444444444,0.262163888888889,0.8202375,0.846798611111111,0.677657263544674,3,"3",2
11,5.30016152681698,0.258057638888889,0.25903,0.257836719444444,-0.000856819171918096,0.741942361111111,0.216376245494657,0.21210035698238,0.0999398611111111,0.258057638888889,0.8243475,0.859416944444444,0.673906796818037,3,"3",2
12,5.3934880899041,0.254313125,0.2556024,0.254367870833333,0.00021522306710341,0.745686875,0.228647850304805,0.224559185229687,0.102304375,0.254313125,0.8308625,0.86512,0.670522731139662,3,"3",2
13,5.72876349661381,0.250988263888889,0.2520132,0.250929582986111,-0.000233854064074091,0.749011736111111,0.236926353382066,0.239681531232716,0.106258402777778,0.250988263888889,0.839182777777778,0.8713575,0.66754628251356,3,"3",2
14,5.97556621434066,0.248008472222222,0.2480932,0.246962671875,-0.00423464946861095,0.751991527777778,0.246393678263905,0.247728033511092,0.109753194444445,0.248008472222222,0.84324,0.880249444444445,0.664901107965349,3,"3",2
15,6.30692743368937,0.245439097222222,0.2470584,0.246036620486111,0.00242859482750293,0.754560902777778,0.255065582485521,0.25713363321054,0.113085902777778,0.245439097222222,0.847538611111111,0.887755,0.662637035869923,3,"3",2
0,0.43727646741891,0.33342375,0.3345224,0.332128914583333,-0.00389859286503588,0.66657625,0.00159613043773454,0.00459766207442817,0.03629375,0.33342375,0.7047975,0.7009425,0.750101732547477,3,"3",3
1,0.827290431374497,0.3252,0.3258384,0.323642548263889,-0.00481225890868112,0.6748,0.0299695186338695,0.0313254820960025,0.045875,0.3252,0.7251125,0.7162375,0.740960284528749,3,"3",3
2,0.921704190452482,0.320668611111111,0.3213336,0.319268603472222,-0.00438504639561489,0.679331388888889,0.0409778906596686,0.0499818770840743,0.0542797222222222,0.320668611111111,0.742264722222222,0.7249575,0.736017808359772,3,"3",3
3,1.43455243560759,0.313408888888889,0.3142108,0.312259014236111,-0.0036824386177952,0.686591111111111,0.060992381257903,0.0675775282369089,0.0597344444444445,0.313408888888889,0.751446111111111,0.741205,0.728235469274936,3,"3",3
4,1.7942948561447,0.305056805555556,0.3072444,0.305476685763889,0.00137450819620917,0.694943194444444,0.0958614362949788,0.082302881052364,0.0651506944444445,0.305056805555556,0.760945,0.759242777777778,0.719483267117556,3,"3",3
5,2.34853647114316,0.300067777777778,0.3022404,0.300471777430556,0.00134455107974685,0.699932222222222,0.10682186154279,0.100681896258802,0.0729347222222222,0.300067777777778,0.77352,0.772213888888889,0.714354881980636,3,"3",3
6,2.84344860034492,0.294733125,0.2964172,0.294829525,0.00032696861008049,0.705266875,0.116469702199282,0.117448283783427,0.0781793749999999,0.294733125,0.7847425,0.78215,0.708951487335911,3,"3",3
7,3.2707334363412,0.291439375,0.2913832,0.289821714930556,-0.00558156958608894,0.708560625,0.125470845130293,0.135076846997831,0.083025625,0.291439375,0.7926775,0.790495,0.705655920409069,3,"3",3
8,3.58093047447065,0.287025694444444,0.2875196,0.286032740277778,-0.00347147031386138,0.712974305555556,0.145332884307399,0.144581049979743,0.0886551388888889,0.287025694444444,0.801301388888889,0.8019575,0.701287544451403,3,"3",3
9,3.91530700778241,0.280854166666667,0.2823832,0.280976759375,0.00043630906914174,0.719145833333333,0.160430429262218,0.159607163228738,0.09274,0.280854166666667,0.810169166666667,0.8136025,0.695269271995133,3,"3",3
10,4.11635234175783,0.276099027777778,0.2768432,0.275385746875,-0.00259011554109766,0.723900972222222,0.178011553587587,0.172502418138814,0.0983326388888889,0.276099027777778,0.821659722222222,0.8228075,0.690702208155773,3,"3",3
11,4.3710243113576,0.272804444444444,0.2731316,0.271776779513889,-0.00378128305292906,0.727195555555556,0.18847997791791,0.186755883864054,0.101938888888889,0.272804444444444,0.828823888888889,0.829445,0.687572959130663,3,"3",3
12,4.81632931564202,0.267774583333333,0.268978,0.267783279861111,3.24759924602134e-05,0.732225416666667,0.201935218275528,0.205584250829198,0.10782875,0.267774583333333,0.840385,0.839723333333333,0.682849828234816,3,"3",3
13,5.03576899152071,0.262152430555556,0.2647064,0.263539834027778,0.00526449247166172,0.737847569444444,0.217968651972691,0.216513967903714,0.111147569444444,0.262152430555555,0.848675,0.849315277777778,0.677646739930946,3,"3",3
14,5.35640200478981,0.259950138888889,0.2608872,0.259604525347222,-0.00133130784682726,0.740049861111111,0.217900531011526,0.22727560985757,0.114821527777778,0.259950138888889,0.8542475,0.855495277777778,0.675630151797204,3,"3",3
15,5.61943026192211,0.253626041666667,0.2553268,0.254276604166667,0.00255848351495813,0.746373958333333,0.238428003865189,0.240893330262252,0.117260625,0.253626041666666,0.862825,0.864444166666667,0.66990547354641,3,"3",3
0,0.525525404971398,0.332549930555556,0.3337572,0.331444012847222,-0.0033366652148371,0.667450069444444,0.00247269406669037,0.00449930008600703,0.0349484027777778,0.332549930555555,0.700539444444444,0.7042575,0.749119706311781,3,"3",4
1,0.7890656849209,0.323284583333333,0.3264976,0.324291966319444,0.00310640746838241,0.676715416666667,0.0360381250060534,0.0268002015936168,0.0427179166666666,0.323284583333333,0.7185025,0.720364166666667,0.738863025262342,3,"3",4
2,1.07787990491338,0.315617986111111,0.3179128,0.315776746875,0.000502762681103058,0.684382013888889,0.0581323138424029,0.0524776579392499,0.0506786805555556,0.315617986111111,0.732058888888889,0.7380625,0.730586119817544,3,"3",4
3,1.27031887114415,0.3104575,0.311384,0.309367023263889,-0.00352486417138586,0.6895425,0.0735219531947672,0.0682900766976704,0.0556608333333333,0.3104575,0.7445275,0.745879166666667,0.72511846622942,3,"3",4
4,1.59462399164186,0.306227361111111,0.3071708,0.305316790277778,-0.00298238047277029,0.693772638888889,0.0842885781328947,0.0792361204740706,0.0599059722222224,0.306227361111111,0.752697222222222,0.75466,0.720697202473673,3,"3",4
5,1.81899252794623,0.29891375,0.3000368,0.298226719097222,-0.00230372015243142,0.70108625,0.107199538306401,0.100369352091849,0.06632625,0.29891375,0.768805,0.76602,0.713179013281176,3,"3",4
6,2.16536231962626,0.292320833333333,0.293542,0.291957857291667,-0.00124324806680599,0.707679166666667,0.128496983138808,0.115130687694567,0.0716533333333332,0.292320833333333,0.7757625,0.7829025,0.706534858663589,3,"3",4
7,2.29298488735258,0.287143888888889,0.289204,0.287564156597222,0.00146147459164049,0.712856111111111,0.144887864242485,0.130403677056982,0.0767044444444445,0.287143888888889,0.7892775,0.789843611111111,0.701403820780413,3,"3",4
8,2.52527438948425,0.281994305555556,0.2822644,0.280807137152778,-0.00422770024585212,0.718005694444444,0.162230616628265,0.141781750079751,0.0792365277777778,0.281994305555555,0.7974975,0.796986944444444,0.696373307160014,3,"3",4
9,2.90783708720078,0.276837847222222,0.2779252,0.276382414930556,-0.001647833823947,0.723162152777778,0.183994650907867,0.153222907199784,0.0824629861111112,0.276837847222222,0.8045825,0.806667777777778,0.691407864860492,3,"3",4
10,3.26054746497118,0.270152361111111,0.2718108,0.270362639583333,0.000777764533392402,0.729847638888889,0.207433911284503,0.166372594738227,0.086295138888889,0.270152361111111,0.81292,0.819365555555556,0.685074491384522,3,"3",4
11,3.61925901079992,0.265499375,0.2662692,0.264896063194444,-0.00227754160737642,0.734500625,0.217127212533179,0.181874237264788,0.091985625,0.265499375,0.8237225,0.82925,0.680734614759518,3,"3",4
12,3.66725024215781,0.262380625,0.2631104,0.261787507986111,-0.00226564291952536,0.737619375,0.226199591750452,0.191180166624034,0.0962868749999999,0.262380625,0.8346725,0.83314,0.677856380873943,3,"3",4
13,4.13563537766168,0.258264375,0.2590192,0.257863789236111,-0.00155347815633824,0.741735625,0.236358306174068,0.202676822993827,0.101445625,0.258264375,0.8450825,0.84128,0.674094627718603,3,"3",4
14,4.66203951643458,0.254376597222222,0.255292,0.25419620625,-0.000709652495933607,0.745623402777778,0.2453096376492,0.214357187299979,0.104540069444444,0.254376597222222,0.853086944444445,0.84724,0.670579810313462,3,"3",4
15,4.97635754316284,0.249681805555556,0.2509376,0.249891027430556,0.000837252450203194,0.750318194444444,0.260141844884185,0.234268995905913,0.112405694444444,0.249681805555555,0.864790277777778,0.8606575,0.666383947106885,3,"3",4
0,0.466223321603758,0.329262013888889,0.3317328,0.32946658125,0.000620904737393999,0.670737986111111,0.00895931332457134,0.00453867489933467,0.0349971527777778,0.329262013888889,0.703312777777778,0.7081575,0.745447567237041,3,"3",5
1,1.06815328331363,0.32146,0.3235224,0.321385291319444,-0.000232458306504381,0.67854,0.0354774953568797,0.0283439058616851,0.0431199999999999,0.32146,0.718355,0.724965,0.736876234267692,3,"3",5
2,1.67961390188018,0.315300555555556,0.3163688,0.314284009375,-0.00323448266609914,0.684699444444444,0.056071873797618,0.0493781734527478,0.0490336111111112,0.315300555555556,0.729135,0.738331111111111,0.73024741593838,3,"3",5
3,1.62525354424399,0.308263125,0.3103276,0.308458487152778,0.000633349902546403,0.691736875,0.0738739964261269,0.0705172279304584,0.0549543749999999,0.308263125,0.7405175,0.752865,0.722818195863854,3,"3",5
4,1.95654158321348,0.303634513888889,0.30533,0.303432346527778,-0.000666268324469993,0.696365486111111,0.0815395379171786,0.0845177068239287,0.0596429861111112,0.303634513888889,0.749679444444445,0.7623375,0.718013758539751,3,"3",5
5,2.3123832693079,0.297878402777778,0.2990744,0.297408988888889,-0.00157834465811742,0.702121597222222,0.0997873196662632,0.102136060742005,0.0665715972222223,0.297878402777778,0.761338888888889,0.7760475,0.712127360813471,3,"3",5
6,2.846766335895,0.292644791666667,0.2945724,0.292889038541667,0.000833922895223742,0.707355208333333,0.115492156188429,0.119808245750785,0.069224375,0.292644791666667,0.77032,0.782839166666667,0.70685844128878,3,"3",5
7,3.14055483350193,0.2868375,0.2884624,0.286873508680556,0.000125521107617104,0.7131625,0.135856387242929,0.137109148535282,0.075745,0.2868375,0.7786,0.799215,0.701102483655548,3,"3",5
8,3.62521693007558,0.279334444444444,0.2816552,0.280063268402778,0.00260235468396083,0.720665555555556,0.156373449040382,0.157836421417997,0.0823580555555555,0.279334444444444,0.7906175,0.815429722222222,0.693803104845983,3,"3",5
9,3.85487455336392,0.273301944444444,0.2750868,0.273617071180556,0.00115170714587164,0.726698055555556,0.176706583574185,0.17315096069444,0.0844572222222222,0.273301944444444,0.799055,0.823255555555556,0.688043673954451,3,"3",5
10,4.10233331790965,0.268375625,0.269444,0.267997878125,-0.00140951442467705,0.731624375,0.18896016016791,0.187162969054819,0.089019375,0.268375625,0.8105175,0.83077,0.683410800795148,3,"3",5
11,4.32794027474748,0.262809375,0.2631688,0.261799380555556,-0.00385789470663057,0.737190625,0.205370796544324,0.201393663710597,0.093065625,0.262809375,0.8203725,0.84014,0.678250622082992,3,"3",5
12,4.5647709506231,0.259489375,0.259256,0.258091201736111,-0.00541736120597592,0.740510625,0.215399584208782,0.210597304551001,0.095790625,0.259489375,0.82804,0.8445625,0.675209758131425,3,"3",5
13,4.94224874974202,0.25416375,0.2555508,0.2544471125,0.00111364006930908,0.74583625,0.227356267189649,0.232034244085698,0.101849583333333,0.25416375,0.843379166666667,0.8519925,0.670388439821744,3,"3",5
14,5.22884335158941,0.252101805555556,0.2521468,0.251028110069444,-0.0042771922467729,0.747898194444444,0.232310638309236,0.240427281849209,0.106471527777778,0.252101805555555,0.848161944444445,0.8605775,0.668540188643471,3,"3",5
15,5.3833671596542,0.246169027777778,0.2484656,0.247491964236111,0.00534537136353721,0.753830972222222,0.24980842447068,0.258760843976412,0.112273472222222,0.246169027777778,0.861321388888889,0.8708875,0.663278663817762,3,"3",5
