"cycle","index","GD","GD_pool","gd_ref","alpha","theta","F_hom","F_drift","GD_BS","GD_T","theta_A","theta_B","Ns","max_line","var_g","var_genic","regime","seed","gap"
0,0.0738982238450436,0.326773958333333,0.3280928,0.325827530902778,-0.0029046883421216,0.673226041666667,0.000878298332829597,0.00435349568465498,0.0350946527777778,0.326773958333333,0.70802,0.708621388888889,0.742692601079689,5,1,1.12103664123217,"random",1,-0.12103664123217
1,0.232855048859361,0.316522708333333,0.3192988,0.317216946527778,0.00218852807847604,0.683477291666667,0.0322589432577414,0.0288693688612114,0.0422992361111111,0.316522708333333,0.72224,0.729313055555555,0.731553200225196,6,1.27546057786324,1.07254469674328,"random",1,0.202915881119964
2,0.45012818136169,0.309213194444444,0.3102476,0.308221269097222,-0.0032182248490751,0.690786805555556,0.0565239120562426,0.0484803615715701,0.0494618055555556,0.309213194444445,0.739033055555556,0.741464166666667,0.723812319486737,6,1.02032221930557,0.992514639352753,"random",1,0.0278075799528218
3,0.866987548168966,0.302514375,0.3044428,0.302446091319444,-0.000225771410229393,0.697485625,0.0812092493428195,0.0666666267187075,0.0561539583333333,0.302514375,0.749566388888889,0.757712777777778,0.716860652146057,6,1.20475664593219,0.92657568211308,"random",1,0.278180963819106
4,0.722156094679405,0.298043611111111,0.2985356,0.296843003472222,-0.00404458796348642,0.701956388888889,0.105438135712487,0.0783304883296776,0.0601094444444444,0.298043611111111,0.760793888888889,0.763337777777778,0.712294962927026,7,1.15821908659606,0.884702475137474,"random",1,0.273516611458586
5,0.963533933198295,0.292686597222222,0.2947648,0.292988230555556,0.00102950665547685,0.707313402777778,0.121713577940445,0.0966776362792457,0.0642545138888888,0.292686597222222,0.769088055555556,0.774047777777778,0.706900219953967,7,0.817550033830337,0.858745666100856,"random",1,-0.0411956322705196
6,1.10244961186524,0.285548472222222,0.287544,0.285847362847222,0.00104563016437462,0.714451527777778,0.13015072809398,0.120624625333826,0.0709595833333333,0.285548472222222,0.781210277777778,0.789611944444444,0.699837540490948,6,0.765270582867205,0.775221953401083,"random",1,-0.00995137053387807
7,0.740843947446118,0.283126944444444,0.2828536,0.281252846527778,-0.00666339181915286,0.716873055555556,0.137635635253537,0.135762626763533,0.0761638888888889,0.283126944444444,0.792246111111111,0.793827777777778,0.697473557033769,6,0.608564276789899,0.726819196487475,"random",1,-0.118254919697576
8,0.840136585624426,0.277431180555556,0.2783568,0.276894062847222,-0.00193979496277508,0.722568819444444,0.156306551402566,0.150280844244266,0.0794949305555555,0.277431180555556,0.799849444444444,0.804278055555556,0.691975610550744,7,0.491749019642485,0.700570284261994,"random",1,-0.208821264619509
9,0.716192237789151,0.270566944444444,0.2719876,0.270623738541667,0.000209863693142029,0.729433055555556,0.180923118187506,0.163642415915586,0.0839336111111113,0.270566944444445,0.813765277777778,0.812968055555556,0.685463862916367,6,0.548014788774458,0.651751474968838,"random",1,-0.10373668619438
10,0.732869638212022,0.263954652777778,0.2657912,0.264371836111111,0.00157801730876512,0.736045347222222,0.201350487038877,0.179021098138191,0.0891672916666666,0.263954652777778,0.830447777777778,0.8199775,0.679305971958061,5,0.56166998279279,0.600205406663516,"random",1,-0.0385354238707261
11,0.989039817066126,0.259185,0.2608076,0.259510975,0.00125611257866831,0.740815,0.213343487072635,0.194144046335877,0.0930961111111109,0.259185,0.841144166666667,0.826678055555555,0.674932338033112,5,0.577080048142255,0.555515154343512,"random",1,0.0215648937987437
12,1.22195145376311,0.256223333333333,0.2559944,0.254770709375,-0.00570169138319276,0.743776666666667,0.220051816430852,0.209940678558273,0.0968966666666666,0.256223333333333,0.848823333333333,0.832523333333333,0.672244804668068,5,0.496653586285402,0.541132241867109,"random",1,-0.0444786555817072
0,-0.047423542771947,0.326681111111111,0.327496,0.325230071875,-0.00446157770019729,0.673318888888889,0.000571891877191089,0.00848129330916084,0.0352063888888889,0.326681111111111,0.712437777777778,0.704612777777778,0.742590187578281,6,1,1.1578933721548,"random",2,-0.157893372154798
1,0.0547919506985039,0.316730416666667,0.3191372,0.316961362152778,0.000728623465467569,0.683269583333333,0.0237308074096243,0.0346834468857349,0.042672638888889,0.316730416666667,0.727278611111111,0.724605833333333,0.731775586380925,6,1.07598573738824,1.10886872085021,"random",2,-0.0328829834619635
2,0.268603114760036,0.309345277777778,0.3099772,0.308021585416667,-0.00429740129842033,0.690654722222222,0.0502731096901432,0.053261897070212,0.04808,0.309345277777778,0.7379,0.739569444444445,0.723950744000158,6,1.09267108447214,1.05644349054512,"random",2,0.036227593927018
3,0.0534825579842078,0.304502847222222,0.3048644,0.303078663888889,-0.00469905507388486,0.695497152777778,0.0663226333447694,0.06967104299087,0.0539165972222222,0.304502847222222,0.750538055555556,0.748289444444444,0.718910204021723,7,1.14545691622056,1.04985110531249,"random",2,0.0956058109080766
4,0.33717485513801,0.298704375,0.30024,0.298337255902778,-0.00123055062671051,0.701295625,0.0761526644629392,0.0900529318115388,0.0606084027777778,0.298704375,0.762564722222222,0.761243333333333,0.712966090441531,7,1.5823047553302,1.00760269937625,"random",2,0.574702055953952
5,0.563856502169993,0.293041597222222,0.2938,0.292075394444444,-0.00330805948106505,0.706958402777778,0.0900005671628674,0.105364773223193,0.0626675694444443,0.293041597222222,0.775433055555555,0.763818888888889,0.707255190737393,6,1.01835297865986,0.954822588037416,"random",2,0.0635303906224454
6,0.666683509686942,0.286445486111111,0.288172,0.286527939583333,0.000287767651357654,0.713554513888889,0.114441145776754,0.122985004747081,0.0700053472222224,0.286445486111111,0.788558055555556,0.778561666666667,0.70071731068589,6,0.868468471400778,0.929753642054637,"random",2,-0.0612851706538584
7,0.435231431949668,0.282327708333333,0.2825272,0.280981589236111,-0.00479077330611528,0.717672291666667,0.12374317738773,0.141001560670651,0.0755192361111111,0.282327708333333,0.797784166666667,0.788598888888889,0.696696815253712,7,0.97609009438575,0.891324911402475,"random",2,0.0847651829832744
8,0.655524064205862,0.275650208333333,0.2767816,0.275244122916667,-0.00147536453226866,0.724349791666667,0.137421224621157,0.164793230336684,0.0806656250000001,0.275650208333333,0.811014444444444,0.799016388888889,0.690274237326062,6,0.810107982223135,0.827286476297635,"random",2,-0.0171784940745002
9,0.779886229990378,0.269069236111111,0.2711556,0.269705396180556,0.00235872206657136,0.730930763888889,0.152788274922539,0.1934940917422,0.0893488194444446,0.269069236111111,0.829102222222222,0.811456944444445,0.684059318203778,5,0.661712999541514,0.745453159026116,"random",2,-0.0837401594846018
10,0.855895842684733,0.264250694444444,0.2645592,0.263334384027778,-0.003479645926413,0.735749305555556,0.170501049858585,0.207894550417856,0.0928934722222223,0.264250694444444,0.839120277777778,0.818165277777778,0.67957930265725,5,0.620980908143471,0.695969319285124,"random",2,-0.0749884111416528
11,1.15977592582713,0.26011625,0.2612,0.260005775694444,-0.000424891736579867,0.73988375,0.183532452367858,0.222120089401592,0.0978318055555555,0.26011625,0.845914722222222,0.829516388888889,0.675781837349449,5,0.379953873766748,0.635266888327969,"random",2,-0.255313014561221
12,1.17678093278579,0.256021180555556,0.2558888,0.254697343402778,-0.00519768732210242,0.743978819444444,0.19809474864643,0.233541527852764,0.102887430555555,0.256021180555555,0.858972777777778,0.834759722222222,0.672062143346188,7,0.536890207383737,0.592975158288555,"random",2,-0.0560849509048181
0,-0.121003721411884,0.332799166666667,0.3345224,0.332128914583333,-0.00201804797445647,0.667200833333333,0.00248857075271147,0.00520626718571188,0.0359344444444444,0.332799166666667,0.704853055555556,0.7014175,0.749399543615678,6,1,1.09783115172632,"random",3,-0.097831151726322
1,-0.264281707907188,0.324430208333333,0.3258908,0.323634728819444,-0.0024579547343101,0.675569791666667,0.0372189396135932,0.0245840744156613,0.0424325694444445,0.324430208333333,0.718935,0.717069722222222,0.740115982342066,6,0.847395065266867,1.0700911530681,"random",3,-0.222696087801233
2,-0.201419263000609,0.318747777777778,0.3204976,0.318438506944444,-0.000971210537007308,0.681252222222222,0.0593234121439171,0.0412605558538958,0.0473488888888889,0.318747777777778,0.731194166666667,0.726008055555555,0.733942560024269,7,0.597410231050515,1.0012943305802,"random",3,-0.403884099529688
3,-0.263037165439619,0.311380069444444,0.3138132,0.311765397569444,0.00123595539467846,0.688619930555556,0.0816952928546447,0.0616500969500659,0.0537596527777777,0.311380069444444,0.742436944444445,0.742322222222222,0.726089934104313,7,0.64747085002769,0.932475235605275,"random",3,-0.285004385577585
4,-0.235337814209281,0.304330416666667,0.3046256,0.302838725694444,-0.00492569425789807,0.695669583333333,0.106048930224276,0.0825811539231101,0.0620145833333334,0.304330416666667,0.757087777777778,0.758280555555556,0.718732012982696,6,0.524376730520019,0.867606237113224,"random",3,-0.343229506593205
5,-0.291654312633225,0.296785555555556,0.296402,0.294685936111111,-0.00712493942585968,0.703214444444444,0.127916151666116,0.10371312235355,0.0716477777777778,0.296785555555556,0.771114444444444,0.77861,0.711020662260445,6,0.745490750329303,0.7503084669265,"random",3,-0.00481771659719643
6,0.137517069803407,0.289711111111111,0.2918348,0.290226742708333,0.00177665087789779,0.710288888888889,0.152355634684833,0.120967584951437,0.0772036111111112,0.289711111111111,0.783053888888889,0.791931111111111,0.703938929387104,7,1.01819821814628,0.761462480034252,"random",3,0.256735738112032
7,0.237462664702555,0.283461041666667,0.2857092,0.284228077777778,0.0026986641049264,0.716538958333333,0.169623571819945,0.141060224811897,0.083494236111111,0.283461041666667,0.797674166666667,0.802392222222222,0.697798764721737,6,1.12788236421717,0.741343273119821,"random",3,0.38653909109735
8,0.290142160529647,0.277014444444444,0.2790064,0.277518680208333,0.0018169435063266,0.722985555555556,0.191262722557662,0.160820301008053,0.0906719444444445,0.277014444444444,0.815505277777778,0.811809722222222,0.691576748882335,5,0.851711011559054,0.68205684496669,"random",3,0.169654166592364
9,0.647063480829439,0.270652083333333,0.2723028,0.27102288125,0.00136814247917551,0.729347916666667,0.211396945733039,0.175159160095085,0.0961293055555554,0.270652083333333,0.828229166666667,0.822725277777778,0.685543879092911,5,0.654072982912362,0.646559507395723,"random",3,0.00751347551663906
10,0.635196643756241,0.266483888888889,0.2670604,0.265781673263889,-0.00264207692116804,0.733516111111111,0.226324004110233,0.181826579457203,0.100913888888889,0.266483888888889,0.839225,0.829635,0.681648286146862,5,0.469532388580938,0.609265953651425,"random",3,-0.139733565070487
11,0.359639195527389,0.259154791666667,0.2604848,0.259313139583333,0.000610643629247345,0.740845208333333,0.248106941756518,0.201764082082275,0.107223263888889,0.259154791666667,0.855291111111111,0.840845833333333,0.674904817329981,7,0.580476565005955,0.564090619560085,"random",3,0.0163859454458698
12,0.411420766133198,0.255149375,0.2566936,0.255546057986111,0.001552295461872,0.744850625,0.262036236721365,0.212473543805781,0.111486736111111,0.255149375,0.865921388888889,0.846753333333333,0.671275532594203,6,0.497425368671406,0.52665776163463,"random",3,-0.0292323929632242
0,-0.0803494974293909,0.331695486111111,0.3337572,0.331444012847222,-0.000758720188452379,0.668304513888889,0.00401846925929727,0.00732927996098758,0.0359728472222224,0.331695486111111,0.702119722222222,0.706435,0.74816193757316,6,1,1.0892823928407,"random",4,-0.0892823928407003
1,0.36288669185178,0.325274444444444,0.3268324,0.324714592708333,-0.00172413482080226,0.674725555555556,0.0278546818907431,0.0259269134534155,0.0410025,0.325274444444444,0.716144722222222,0.715311388888889,0.74104203684461,7,1.15550710965309,1.04689254924844,"random",4,0.108614560404654
2,0.549920383301566,0.317297222222222,0.3192652,0.317167635069444,-0.000408576217902573,0.682702777777778,0.0505513568572102,0.0504191490478284,0.0488791666666668,0.317297222222222,0.733038888888889,0.730125,0.732383134030182,7,0.800461562464465,1.00536393231716,"random",4,-0.204902369852692
3,0.64120131698365,0.311727708333333,0.311748,0.309943501041667,-0.00575655655198513,0.688272291666667,0.0625252532884294,0.0764982597695757,0.0578717361111112,0.311727708333333,0.747874722222222,0.744413333333333,0.726456674275291,6,0.882898624830827,0.975678357504372,"random",4,-0.0927797326735446
4,0.358639940366446,0.302393125,0.3043948,0.302643213541667,0.000826347760255349,0.697606875,0.0945573329525884,0.0985107649078646,0.064764375,0.302393125,0.762120277777778,0.762622222222222,0.716736055676057,6,1.08532744755551,0.96253629747921,"random",4,0.122791150076298
5,0.417313420988928,0.292727013888889,0.2955292,0.293895432291667,0.00397562627519234,0.707272986111111,0.128484854539386,0.129477281561309,0.0747610416666666,0.292727013888889,0.773525555555556,0.7905425,0.706940615319148,7,0.703684704895329,0.897729316110146,"random",4,-0.194044611214817
6,0.465136679080306,0.283699861111111,0.2841168,0.282535130555556,-0.00412242737129826,0.716300138888889,0.157138302054349,0.156916602536585,0.0842031944444445,0.283699861111111,0.791516388888889,0.809490277777778,0.698031415679453,6,0.91393380587318,0.836461882521847,"random",4,0.0774719233513328
7,0.0519285312149095,0.277650833333333,0.2787136,0.277202882638889,-0.00161596694154139,0.722349166666667,0.180031696546255,0.175537158748965,0.0918686111111112,0.277650833333333,0.813458055555556,0.8149775,0.692186027302124,5,0.97917183369066,0.786580311288911,"random",4,0.192591522401748
8,-0.133428105724002,0.272733888888889,0.2740312,0.272718708680556,-5.56625117757898e-05,0.727266111111111,0.195874118699565,0.188484443234387,0.0971336111111111,0.272733888888889,0.822176111111111,0.826623333333333,0.687506254397175,5,0.959107737230686,0.77464574434011,"random",4,0.184461992890575
9,0.294803018000798,0.269289583333333,0.2700128,0.268670690625,-0.00230353637344516,0.730710416666667,0.20089696139374,0.196787638667559,0.09863875,0.269289583333333,0.830262777777778,0.828435555555556,0.684265597691744,5,0.728581490716396,0.753500018976799,"random",4,-0.0249185282604032
10,0.283793354323246,0.262763680555556,0.2644156,0.263235390972222,0.00179197187325179,0.737236319444444,0.227703727387276,0.211707371696292,0.105231041666667,0.262763680555555,0.845943611111111,0.838991111111111,0.678208583615065,7,0.791533446954311,0.696330000640395,"random",4,0.0952034463139165
11,0.56663811886733,0.260365069444444,0.2615956,0.260448699652778,0.00032110050249738,0.739634930555556,0.231389021598122,0.222589593244409,0.111096319444445,0.260365069444444,0.858661111111111,0.842801388888889,0.676009176073444,6,0.621457495305486,0.635486396640885,"random",4,-0.014028901335399
12,0.484615710348694,0.256067013888889,0.2563696,0.255356121527778,-0.00278392527603366,0.743932986111111,0.238873336909179,0.240770040857932,0.115469652777778,0.256067013888889,0.867366666666667,0.851438611111111,0.672103548753411,6,0.58869064143521,0.584014005875025,"random",4,0.00467663556018494
0,0.0458303966398865,0.330691875,0.3317328,0.32946658125,-0.00371902286827146,0.669308125,-0.00195391066983785,0.00576356454191942,0.0356942361111111,0.330691875,0.704361666666667,0.705643055555556,0.747040087104874,7,1,0.811339318653831,"random",5,0.18866068134617
1,-0.0819108252758821,0.324222083333333,0.3252676,0.323131754861111,-0.00337425355391296,0.675777916666667,0.0184697102387906,0.0261525483215955,0.0429923611111112,0.324222083333333,0.718316388888889,0.719224166666667,0.739888042607686,7,0.798744738707319,0.77069710650227,"random",5,0.0280476322050489
2,-0.17967870140437,0.315016388888889,0.3156632,0.313707415277778,-0.00417259378440927,0.684983611111111,0.045677635763596,0.0497353774404661,0.0510680555555555,0.315016388888889,0.732723333333333,0.73938,0.729944471501954,6,0.803315842397492,0.734248640745451,"random",5,0.069067201652041
3,0.230412342213122,0.308713958333333,0.311192,0.309246736111111,0.00172282425508378,0.691286041666667,0.0647189392865005,0.0724783168161163,0.060029375,0.308713958333333,0.747159444444444,0.755471388888889,0.723289593399741,6,0.586792799884777,0.667034131587448,"random",5,-0.080241331702671
4,0.130683635772733,0.302309930555556,0.3045272,0.302721643055556,0.00136003655319893,0.697690069444444,0.0860073798443575,0.0871876772476703,0.0653861805555555,0.302309930555556,0.760358888888889,0.765793611111111,0.716650590136877,7,0.660622878353657,0.621991150082925,"random",5,0.0386317282707316
5,0.144561340334217,0.294562847222222,0.2959204,0.294270528819444,-0.000993366219684141,0.705437152777778,0.109368733629103,0.113748589959237,0.0748613194444445,0.294562847222222,0.7796075,0.780989444444445,0.708780361271257,6,0.686969414663672,0.596456109906778,"random",5,0.090513304756894
6,0.218148664884744,0.287476319444444,0.2887448,0.287166374652778,-0.00107932132388895,0.712523680555556,0.119877015806553,0.145363542498103,0.0837864583333334,0.287476319444445,0.798378888888889,0.794241388888889,0.701731063324309,5,0.78904877535244,0.580205607163804,"random",5,0.208843168188637
7,0.184531671049343,0.281108958333333,0.2822864,0.280913288194444,-0.000696549957271857,0.718891041666667,0.148698262252473,0.158103928706677,0.0889615972222222,0.281108958333333,0.811575277777778,0.80413,0.695515691558497,5,0.599881920417866,0.542406428958468,"random",5,0.0574754914593975
8,0.269943528834873,0.275567361111111,0.2771772,0.275765042708333,0.000716847919811583,0.724432638888889,0.163576178946938,0.170718675414956,0.0928384722222222,0.275567361111111,0.820295833333333,0.814246388888889,0.690195296510775,5,0.601681260338149,0.521694680186811,"random",5,0.0799865801513376
9,0.358578252296018,0.270117152777778,0.2707132,0.269439037152778,-0.00251676829076376,0.729882847222222,0.178081665234228,0.189873545112076,0.0991042361111112,0.270117152777778,0.833289166666667,0.824685,0.685041444531671,7,0.416469133645877,0.484434852386537,"random",5,-0.0679657187406599
10,0.275717377812108,0.26545625,0.2670228,0.265745297222222,0.00108768518293129,0.73454375,0.189708709027431,0.212577513774616,0.106275138888889,0.26545625,0.846230833333333,0.835406944444444,0.680694648889191,6,0.500744890292532,0.448803411735268,"random",5,0.0519414785572642
11,0.247907158221147,0.261121597222222,0.262058,0.260826465972222,-0.0011315234015838,0.738878402777778,0.202183924836337,0.231500198289169,0.112447291666667,0.261121597222222,0.858041666666667,0.844609722222222,0.676701332885457,6,0.493676700421443,0.423901161841894,"random",5,0.0697755385795489
12,0.0391363903014488,0.257451875,0.2574544,0.256255872222222,-0.00466722095929416,0.742548125,0.214502120046746,0.241575875452004,0.116140347222222,0.257451875,0.864378055555555,0.852998888888889,0.673357029889477,6,0.43202636776084,0.397545861788447,"random",5,0.034480505972393
0,-0.0166054697135455,0.329479722222222,0.3312492,0.328924545833333,-0.00168785332661116,0.670520277777778,0.0013870277893282,0.00780311133196911,0.0346591666666666,0.329479722222222,0.705350833333333,0.705008055555555,0.745689603388414,7,1,1.04125323535882,"random",6,-0.0412532353588235
1,-0.440133959922244,0.322582222222222,0.3233504,0.321317290625,-0.0039367056617518,0.677417777777778,0.0220527023238128,0.0306756564799745,0.0419027777777777,0.322582222222222,0.717435833333333,0.721205277777778,0.738096956416195,6,0.871010241003846,0.971557129574278,"random",6,-0.100546888570432
2,-0.399530194748382,0.315695694444444,0.3169156,0.314887644097222,-0.00256615450739238,0.684304305555556,0.0363415827797181,0.0555456214133182,0.050949861111111,0.315695694444444,0.736509444444444,0.733998888888889,0.730669083828243,6,1.10772017772824,0.935395371279688,"random",6,0.172324806448552
3,-0.622129899020424,0.306372847222222,0.308722,0.307095665972222,0.00235372501175365,0.693627152777778,0.071664298085951,0.083448460595156,0.0606532638888888,0.306372847222222,0.751350277777778,0.757210555555555,0.720848366442466,7,0.997674634054335,0.898860387736135,"random",6,0.0988142463182001
4,-0.588594362184605,0.299404097222222,0.3011316,0.299265830555556,-0.000462019557695348,0.700595902777778,0.0955357699515453,0.109870355460756,0.0726450694444445,0.299404097222222,0.764912222222222,0.781569722222222,0.713678167425131,6,0.932766917726633,0.815812811925584,"random",6,0.116954105801049
5,-0.292445279305024,0.295667013888889,0.296112,0.294381833333333,-0.00436569247838187,0.704332986111111,0.101579823473115,0.127637490815606,0.0803379861111112,0.295667013888889,0.782185555555555,0.787156388888889,0.70989149998595,5,0.814409149422608,0.757289641951405,"random",6,0.0571195074712032
6,-0.00727007615849566,0.290347361111111,0.2915152,0.289970496527778,-0.0012996652688673,0.709652638888889,0.119198207087,0.141573285247733,0.0858881944444444,0.290347361111111,0.799079444444444,0.792002222222222,0.704570056672875,5,0.55518102261826,0.705931142234159,"random",6,-0.150750119615899
7,-0.116851517216627,0.285060069444444,0.2861952,0.284799809027778,-0.000913836345449297,0.714939930555556,0.131495078983967,0.163395097884694,0.0929740972222222,0.285060069444444,0.809149722222222,0.806678333333333,0.699359454732745,5,0.4574097050415,0.687337097985185,"random",6,-0.229927392943685
8,-0.408313650923551,0.280580972222222,0.2806232,0.279292725347222,-0.00461253286636247,0.719419027777778,0.145287903716481,0.184481373380128,0.100755694444444,0.280580972222222,0.825206944444445,0.8151425,0.695005248254909,7,0.381694835114573,0.652414144149207,"random",6,-0.270719309034634
9,-0.290632076283692,0.274317291666667,0.2761384,0.274709361458333,0.00142721671218399,0.725682708333333,0.162114627685446,0.203563467295903,0.106488263888889,0.274317291666667,0.837126388888889,0.827215555555556,0.689006358093255,6,0.456045921108517,0.613742336966603,"random",6,-0.157696415858086
10,-0.338845101602976,0.268667013888889,0.2702316,0.269007305902778,0.00126499171740651,0.731332986111111,0.175392555442694,0.221812087472344,0.111011319444444,0.268667013888889,0.848102222222222,0.836586388888889,0.683683095793023,6,0.511798311548545,0.569261497051451,"random",6,-0.0574631855029055
11,-0.461839663074861,0.265514166666667,0.2653992,0.264216708333333,-0.00491058397297316,0.734485833333333,0.184721510326001,0.22811940912533,0.114325833333333,0.265514166666667,0.85435,0.843273333333334,0.680748323940897,6,0.551438444893545,0.5310078484072,"random",6,0.0204305964863449
12,-0.469580132615818,0.262132777777778,0.2626748,0.261478577777778,-0.00250192580042246,0.737867222222222,0.194622668084146,0.236319807304454,0.117093333333333,0.262132777777778,0.857185555555556,0.852735555555555,0.67762869109995,5,0.718937676100025,0.522854560082922,"random",6,0.196083116017103
0,-0.00898867796173232,0.327897847222222,0.33029,0.328022113888889,0.000378836247329176,0.672102152777778,0.0101647809244977,0.00597175727897157,0.0366179861111112,0.327897847222222,0.706225833333333,0.711214444444444,0.743934531281465,6,1,0.869055554841388,"random",7,0.130944445158612
1,0.413367873215092,0.318232430555556,0.3223012,0.320171644791667,0.00605679568336848,0.681767569444444,0.044716005796909,0.0325020320060107,0.0452078472222222,0.318232430555556,0.722548333333333,0.7314025,0.733387773794282,6,0.519053961225934,0.81679814323727,"random",7,-0.297744182011335
2,0.331846997062531,0.312386805555556,0.3136036,0.311549771527778,-0.00268667835534942,0.687613194444444,0.0616567064416386,0.0477117065569763,0.0499818055555554,0.312386805555556,0.737596666666667,0.737593333333333,0.727153004101345,7,0.762211998409005,0.773918501590416,"random",7,-0.0117065031814114
3,0.357653317009111,0.301931319444444,0.3045676,0.3026220625,0.00228252708956278,0.698068680555556,0.0978135466635995,0.0723346751362911,0.057268125,0.301931319444444,0.754874166666667,0.755799444444444,0.716261900766092,6,0.761917679311356,0.732925616241055,"random",7,0.0289920630703012
4,0.287665824653762,0.2936925,0.2951448,0.29329950625,-0.00133990593787443,0.7063075,0.125498333427677,0.0926952270882869,0.0632983333333333,0.2936925,0.774811388888889,0.764400277777778,0.707906966866414,5,0.64169423950072,0.662461131083211,"random",7,-0.020766891582491
5,0.291575097155571,0.289641736111111,0.2911052,0.289528359027778,-0.000391592325235514,0.710358263888889,0.136614113833964,0.110860035149618,0.0703915972222223,0.289641736111111,0.7868725,0.774627222222222,0.703870181312071,5,0.414144343099628,0.631527379062289,"random",7,-0.21738303596266
6,0.361737234215675,0.284585486111111,0.2854348,0.283843094444444,-0.00261550018724158,0.715414513888889,0.151275373838915,0.133931985778599,0.0773045138888889,0.284585486111111,0.795733055555556,0.789705,0.698895521817237,5,0.587793636354624,0.613107300094266,"random",7,-0.0253136637396427
7,0.562864754453855,0.278843333333333,0.2808584,0.279377341666667,0.00191142320328352,0.721156666666667,0.165816243430027,0.155987018127619,0.0850383333333334,0.278843333333333,0.8127425,0.7996475,0.693330621640235,7,0.666711532244123,0.563098702594738,"random",7,0.103612829649385
8,0.642785903361012,0.273315,0.274332,0.272924407291667,-0.00143113879850214,0.726685,0.183423334220611,0.17361127945797,0.0898175000000001,0.273315,0.824096666666667,0.808908333333333,0.688056035283513,6,0.419194520221657,0.512654334357381,"random",7,-0.0934598141357241
9,0.881557349130518,0.267416527777778,0.269274,0.26797348125,0.00207839025572303,0.732583472222222,0.205093282478252,0.189446189108076,0.0944820833333334,0.267416527777778,0.836069722222222,0.818061388888889,0.682516080363235,6,0.320175207268861,0.460897721733533,"random",7,-0.140722514464673
10,0.684322744184843,0.263634930555556,0.2638712,0.262596236111111,-0.00395548108315206,0.736365069444444,0.215056476507818,0.202904603749667,0.0999311805555556,0.263634930555556,0.842529722222222,0.830062777777778,0.679011024215514,6,0.352435879453597,0.429502911051621,"random",7,-0.0770670315980234
11,0.435228995615539,0.261048055555556,0.2614748,0.26022193125,-0.00317469131670494,0.738951944444444,0.222921301460865,0.207549392745009,0.101602222222222,0.261048055555556,0.846609166666667,0.834499166666667,0.676633986498145,5,0.401804524634147,0.429603178495087,"random",7,-0.0277986538609398
12,0.511863980666745,0.256991944444444,0.2580516,0.256866616666667,-0.000487909948766819,0.743008055555556,0.236094295934594,0.218353556715197,0.1044675,0.256991944444444,0.853331944444444,0.841619166666667,0.672940214122099,6,0.345618258334881,0.419463713544806,"random",7,-0.0738454552099249
0,-0.217750464794474,0.322079583333333,0.3242912,0.322007779513889,-0.000222987840706318,0.677920416666667,0.00332815471440817,0.00701818044650626,0.03372375,0.322079583333333,0.711360833333333,0.7119275,0.737549700093853,6,1,1.02132747306159,"random",8,-0.0213274730615898
1,0.0409451811577201,0.313901944444444,0.3155532,0.313471784027778,-0.00137224604760134,0.686098055555556,0.0284802715305996,0.0364824348303452,0.0438952777777777,0.313901944444444,0.727515833333333,0.732470833333333,0.728758806341659,7,0.729135574479402,0.987542124083007,"random",8,-0.258406549603605
2,-0.0226621729657889,0.304126527777778,0.3059564,0.303894655555556,-0.000763001974478204,0.695873472222222,0.0537640401887978,0.0620088745087623,0.0519090277777777,0.304126527777778,0.748005555555555,0.747559444444444,0.718521426608325,6,0.994256806244421,0.941563881204576,"random",8,0.0526929250398446
3,0.0469929812371001,0.296018402777778,0.2984732,0.296630386458333,0.00206311864358341,0.703981597222222,0.0843243918779323,0.0841629568150467,0.0595752083333333,0.296018402777778,0.767065277777778,0.760048333333333,0.710245838773208,5,0.607873631059432,0.907692655398274,"random",8,-0.299819024338841
4,0.0562994731866606,0.290500763888889,0.2908328,0.289170436111111,-0.00460049718660258,0.709499236111111,0.106395835757911,0.0995021018618031,0.0651109027777779,0.290500763888889,0.777548333333333,0.771671944444444,0.704722393699234,5,0.822075283304242,0.836644909163998,"random",8,-0.0145696258597559
5,0.572323859488502,0.284133194444444,0.2863676,0.284842171527778,0.00248901726710876,0.715866805555556,0.128645768718934,0.118951508176576,0.0729845833333332,0.284133194444444,0.788379166666667,0.789323611111111,0.698453952774036,5,0.660274870312594,0.776563523493903,"random",8,-0.116288653181309
6,0.813826797720537,0.276684513888889,0.277264,0.275778764930556,-0.00328433176702882,0.723315486111111,0.155467233087414,0.139108217267136,0.0805110416666666,0.276684513888889,0.808104444444444,0.799548611111111,0.691261295521597,7,0.813754645573801,0.699575114981586,"random",8,0.114179530592216
7,0.799743723996995,0.269971527777778,0.2721864,0.270674188541667,0.00259596516267288,0.730028472222222,0.175708213987226,0.157515097853733,0.0866079166666667,0.269971527777778,0.820673055555556,0.812599722222222,0.684904793477423,6,0.476301815047922,0.664296081966793,"random",8,-0.187994266918871
8,0.940534933729326,0.263331666666667,0.2664004,0.264992526041667,0.00626757063608238,0.736668333333333,0.199833910238048,0.180281198835861,0.0933677777777777,0.263331666666667,0.832512222222222,0.82756,0.678731496082588,6,0.598756363724608,0.61368108504533,"random",8,-0.0149247213207216
9,0.965026063806443,0.2607325,0.2605676,0.259265152430556,-0.0056596405482512,0.7392675,0.214768474356713,0.186926867844601,0.0962691666666668,0.2607325,0.837759444444445,0.833313888888889,0.676345165992012,6,0.530185910029918,0.585339135066007,"random",8,-0.0551532250360891
10,1.15714524112727,0.258540138888889,0.2587336,0.257455839930556,-0.00421159200982144,0.741459861111111,0.222315563712442,0.192042682035929,0.0977956944444446,0.258540138888889,0.841481944444445,0.837029166666667,0.67434533711741,5,0.541790116042097,0.570854259234047,"random",8,-0.0290641431919502
11,1.17829499140008,0.255929166666667,0.25676,0.255588063541667,-0.00133458159302638,0.744070833333333,0.228287698845453,0.201024591385199,0.1006775,0.255929166666667,0.848921666666667,0.840575,0.671979034254131,6,0.645186962091177,0.534991713965851,"random",8,0.110195248125326
12,1.39751296261588,0.251728333333333,0.2525192,0.251339192013889,-0.00154827154621771,0.748271666666667,0.242082343648811,0.210341412674483,0.102505833333333,0.251728333333333,0.855767777777778,0.845787222222222,0.668206511449719,5,0.510963337361698,0.515787188339172,"random",8,-0.00482385097747406
0,1.53156018434653,0.315881458333333,0.3280928,0.325827530902778,0.0305255745022116,0.684118541666667,0.04065577163213,0.0402589980699986,0.046109375,0.315881458333333,0.723780833333333,0.736675,0.730867487938403,12,1,1.12103664123217,"unconstrained",1,-0.12103664123217
1,3.01467350201101,0.297256805555556,0.30856,0.306870497569444,0.0313281729264747,0.702743194444444,0.0945967747007633,0.0955783048394539,0.064344861111111,0.297256805555556,0.763560833333333,0.770615277777778,0.711497463017449,17,0.535025608027424,0.989574496762105,"unconstrained",1,-0.454548888734681
2,4.56504308810496,0.271409513888889,0.2918624,0.290361864583333,0.0652714870860914,0.728590486111111,0.177715369228345,0.181201683636889,0.0907765972222222,0.271409513888889,0.803690833333333,0.835043333333333,0.686256559111519,18,0.620063602754785,0.881426006700298,"unconstrained",1,-0.261362403945513
3,5.63129710041906,0.242336527777778,0.268144,0.267033428819444,0.092486177295673,0.757663472222222,0.271271878576114,0.272207335898726,0.11772875,0.242336527777778,0.893924722222222,0.856859722222222,0.659923591846791,25,0.366764489878759,0.675004719669517,"unconstrained",1,-0.308240229790758
4,6.60439151532747,0.216131944444444,0.2433216,0.242241414583333,0.107782850359417,0.783868055555556,0.353726743328572,0.342549591780534,0.1413325,0.216131944444445,0.949589444444445,0.900811666666667,0.637862452049576,13,0.345247454289392,0.45218774520777,"unconstrained",1,-0.106940290918378
5,7.34472655560896,0.209053402777778,0.214298,0.213829014236111,0.0223337860645054,0.790946597222222,0.376774763873223,0.36251613626662,0.147642986111111,0.209053402777778,0.951372222222222,0.925806944444444,0.632153930184393,15,0.12451852177213,0.231463012703866,"unconstrained",1,-0.106944490931736
6,8.03347820213353,0.202442708333333,0.2059876,0.205418672916667,0.0144873128673195,0.797557291666667,0.396886261007221,0.383611388185261,0.151886180555556,0.202442708333333,0.958169444444445,0.9407175,0.626914210708478,16,0.107802730042716,0.160487351182313,"unconstrained",1,-0.0526846211395962
7,8.64049481576926,0.196324930555556,0.2028188,0.202388015277778,0.0299577260733578,0.803675069444444,0.415188396211856,0.397881121569904,0.155703958333333,0.196324930555556,0.969163055555556,0.949595,0.622141981268169,17,0.112641292265147,0.124985485274485,"unconstrained",1,-0.0123441930093377
8,9.0829983796836,0.191611319444444,0.195086,0.194742153472222,0.016076817329764,0.808388680555556,0.432116436251276,0.409756703221657,0.161117569444445,0.191611319444445,0.977809444444444,0.961203055555556,0.618514350864464,20,0.0677991627050994,0.0770410937140211,"unconstrained",1,-0.00924193100892172
9,9.4957263395804,0.188023333333333,0.1909724,0.190773136805556,0.0144139972653747,0.811976666666667,0.444662586517126,0.420567785630764,0.166025833333334,0.188023333333333,0.984520833333333,0.971484166666667,0.615781241661296,13,0.0554933747098054,0.049359192363831,"unconstrained",1,0.00613418234597438
10,9.6424855126327,0.185741527777778,0.1872204,0.187033882638889,0.00690973658289676,0.814258472222222,0.451824079467717,0.428673262053943,0.167635138888889,0.185741527777778,0.984358611111111,0.979428611111111,0.614055631052179,20,0.0128622384589033,0.0206041608576829,"unconstrained",1,-0.00774192239877967
11,9.74663333163972,0.18442375,0.1856444,0.185507791319444,0.00584364307145316,0.81557625,0.456140042996112,0.434212385177264,0.169289027777778,0.18442375,0.986809444444445,0.982921111111111,0.61306346279701,21,0.0046531545541394,0.00763964426284438,"unconstrained",1,-0.00298648970870497
12,9.84358606323516,0.182894027777778,0.1841628,0.184054252083333,0.00630370824049361,0.817105972222222,0.45996338639853,0.437208366312814,0.170049861111111,0.182894027777778,0.988221944444444,0.986089722222222,0.611915733084397,14,0.00310859222861294,0.0054121958422183,"unconstrained",1,-0.00230360361360536
0,1.70706384178045,0.310462291666667,0.327496,0.325230071875,0.0454071793644264,0.689537708333333,0.059637052483568,0.0393120441904791,0.0457127083333333,0.310462291666667,0.736212222222222,0.734288611111111,0.725123505150341,11,1,1.1578933721548,"unconstrained",2,-0.157893372154798
1,2.87604445775689,0.284686180555556,0.3054328,0.303464379166667,0.0618794161696251,0.715313819444444,0.144593218923236,0.106178183067876,0.0663174305555556,0.284686180555556,0.800405555555555,0.762856944444444,0.698993905064395,20,0.541986491114341,0.976281605353284,"unconstrained",2,-0.434295114238943
2,4.05816883480349,0.272040208333333,0.2877572,0.286300260069444,0.0498080292789543,0.727959791666667,0.175632192441537,0.145214128804502,0.0787503472222223,0.272040208333333,0.822302777777778,0.7911175,0.686851122443519,12,0.499864853737824,0.883924792324606,"unconstrained",2,-0.384059938586782
3,5.21356386985304,0.258839166666667,0.2598916,0.258463454166667,-0.00145363877926697,0.741160833333333,0.217895470326714,0.189642155484735,0.0919405555555557,0.258839166666667,0.852503333333333,0.813699444444444,0.674617407602713,18,0.438999531226242,0.684154058766255,"unconstrained",2,-0.245154527540014
4,6.294832610404,0.243347013888889,0.2548548,0.253587802430556,0.0403836006444792,0.756652986111111,0.260002425926646,0.247883724855397,0.107905208333333,0.243347013888889,0.8864725,0.842643888888889,0.66080489891383,15,0.535296330706998,0.62436453580757,"unconstrained",2,-0.0890682051005729
5,7.34434464487419,0.235528402777778,0.2419868,0.240790230902778,0.0218523322365373,0.764471597222222,0.287320285659353,0.270468995846045,0.115562152777778,0.235528402777778,0.903265555555556,0.856801944444444,0.654046535956072,16,0.369092191017337,0.467310687772741,"unconstrained",2,-0.0982184967554036
6,8.17392162184299,0.220901527777778,0.2342628,0.233304629166667,0.053162688769576,0.779098472222222,0.334373282678913,0.307253793072798,0.130815972222222,0.220901527777778,0.925607777777778,0.894221111111111,0.641767398893557,16,0.283062570446071,0.417001836093054,"unconstrained",2,-0.133939265646983
7,8.9458704270259,0.210896388888889,0.2191612,0.218464465972222,0.0346421421426753,0.789103611111111,0.367542298986897,0.33419445170614,0.139368055555556,0.210896388888889,0.934970277777778,0.921973055555556,0.633630353428451,22,0.228028889182269,0.310516349866536,"unconstrained",2,-0.0824874606842671
8,9.72606123490187,0.196939444444444,0.2088056,0.2082886375,0.0544878164828149,0.803060555555556,0.410827368912585,0.365028559223729,0.146218888888889,0.196939444444445,0.946205833333333,0.952353055555555,0.622618053571441,18,0.189747924983845,0.24184302555299,"unconstrained",2,-0.0520951005691452
9,10.11392002054,0.190968611111111,0.1945272,0.194125039236111,0.016259768123786,0.809031388888889,0.429869978375283,0.383269961754353,0.155144722222222,0.190968611111111,0.956917222222222,0.971435,0.618022992515398,19,0.0539915588331139,0.0965814690695379,"unconstrained",2,-0.042589910236424
10,10.4000541539723,0.187416041666667,0.19054,0.190289263194444,0.0150992309263491,0.812583958333333,0.444931098135953,0.389349261929921,0.157581458333333,0.187416041666667,0.964813611111111,0.975517222222222,0.615321032211287,17,0.0278176008491035,0.067334162653855,"unconstrained",2,-0.0395165618047515
11,10.6730085890332,0.183801666666667,0.1864524,0.186229053819444,0.013034417041775,0.816198333333333,0.454026008009696,0.402380738236609,0.159371666666667,0.183801666666667,0.973445833333333,0.977694166666667,0.612596203128733,23,0.0180286123145478,0.0446133357841319,"unconstrained",2,-0.0265847234695841
12,10.8418475417208,0.181039513888889,0.183272,0.183090640625,0.0112027940320122,0.818960486111111,0.46356059782442,0.406614637423309,0.160480763888889,0.181039513888889,0.979421944444444,0.979460555555556,0.610530066443478,15,0.0089512385421253,0.0233054870651471,"unconstrained",2,-0.0143542485230219
0,1.93522281935279,0.320405208333333,0.3345224,0.332128914583333,0.0352986618605845,0.679594791666667,0.039225819947975,0.0543365359386165,0.0518222916666666,0.320405208333333,0.713537222222222,0.749296944444444,0.735732536698492,23,1,1.09783115172632,"unconstrained",3,-0.097831151726322
1,3.13034659801277,0.286859652777778,0.3181408,0.316269990625,0.0929912376103173,0.713140347222222,0.13370210153656,0.163237160528469,0.0873464583333333,0.286859652777778,0.754887777777778,0.846085833333333,0.701124262492744,14,0.962010388827444,0.938131336563978,"unconstrained",3,0.0238790522634656
2,4.37659709663254,0.254346180555556,0.2796168,0.278162622916667,0.0856205701232769,0.745653819444444,0.227085334386722,0.261862150368761,0.121175763888889,0.254346180555556,0.819335277777778,0.914323888888889,0.670552456061352,15,0.529871595151152,0.62201930189821,"unconstrained",3,-0.0921477067470577
3,5.27130131830195,0.235214097222222,0.2503708,0.249368513888889,0.0567610419051279,0.764785902777778,0.284892133477405,0.331776457068738,0.142749791666667,0.235214097222222,0.899020555555556,0.916050833333333,0.653777741174296,23,0.184224863728616,0.396631510147239,"unconstrained",3,-0.212406646418623
4,6.50987902086876,0.230921180555556,0.2342776,0.233353569097222,0.0104236183362306,0.769078819444444,0.303299799154831,0.341104527217254,0.144868819444444,0.230921180555556,0.904718888888889,0.923176388888889,0.650128422937434,23,0.232202929659865,0.269886944537592,"unconstrained",3,-0.0376840148777276
5,7.28803543219471,0.203027083333333,0.2271712,0.226581764930556,0.103956651606282,0.796972916666667,0.391501258841467,0.423413783699811,0.168637361111111,0.203027083333333,0.941683333333333,0.989537222222222,0.627373891312701,10,0.195735033246201,0.310458630949366,"unconstrained",3,-0.114723597703165
6,7.74764661970439,0.199476458333333,0.2010364,0.200725503472222,0.00622265291297028,0.800523541666667,0.394962195196332,0.435761121034154,0.169586875,0.199476458333333,0.948815,0.991405833333333,0.624591250569614,25,0.121782403901869,0.139900361398134,"unconstrained",3,-0.0181179574962652
7,8.14086985496488,0.196763263888889,0.1987072,0.198479731597222,0.00864807552146729,0.803236736111111,0.407691308139986,0.444816756803837,0.173114513888889,0.196763263888889,0.965621111111111,0.987081388888889,0.622481489605121,16,0.0587661372935214,0.100397172548955,"unconstrained",3,-0.041631035255434
8,8.51171972072204,0.196454027777778,0.1969124,0.196745098263889,0.00147942941745224,0.803545972222222,0.407576754684246,0.449554579972572,0.174509305555556,0.196454027777778,0.968903055555556,0.9872075,0.622241934232139,18,0.0356280558420139,0.0762756094992732,"unconstrained",3,-0.0406475536572593
9,8.77875551608426,0.192246805555556,0.1959236,0.195762078125,0.0179568617329444,0.807753194444444,0.418537223750137,0.46217679049302,0.176465138888889,0.192246805555556,0.979107222222222,0.989329444444444,0.619000956528422,16,0.0305781336911615,0.0527747308706852,"unconstrained",3,-0.0221965971795237
10,9.0859737763373,0.191178680555556,0.1918468,0.191731708680556,0.00288438531532321,0.808821319444444,0.420128970104609,0.463299298993346,0.177397708333333,0.191178680555556,0.981229166666667,0.991208888888889,0.618183507258977,21,0.0219603681327117,0.032013520118593,"unconstrained",3,-0.0100531519858813
11,9.36090522673326,0.189750208333333,0.1910596,0.190967235416667,0.00637296277907527,0.810249791666667,0.424015332973013,0.471210422618431,0.179571458333333,0.189750208333333,0.986444722222222,0.993197777777778,0.617093648332214,20,0.0230604344271137,0.0238160241453456,"unconstrained",3,-0.000755589718231878
12,9.46663917462398,0.189182638888889,0.1900528,0.189995104513889,0.00427624504893818,0.810817361111111,0.424723665201095,0.474501922859555,0.180834027777778,0.189182638888889,0.989136388888889,0.994166388888889,0.616661684839629,20,0.00474264749793935,0.0112151632256801,"unconstrained",3,-0.00647251572774073
0,1.69269965099577,0.317486666666667,0.3337572,0.331444012847222,0.0421107204823432,0.682513333333333,0.0479316777648409,0.0516969100067114,0.048116111111111,0.317486666666667,0.7481775,0.713081388888889,0.732586420778105,17,1,1.0892823928407,"unconstrained",4,-0.0892823928407003
1,2.91040031703661,0.287411597222222,0.3091552,0.307052797916667,0.0639668513939907,0.712588402777778,0.129397603232709,0.144414304564104,0.0730286805555557,0.287411597222222,0.822536666666667,0.7486975,0.701667327240977,21,0.529112923293013,0.892139518290768,"unconstrained",4,-0.363026594997756
2,4.00704280510979,0.264089583333333,0.2857152,0.284113944791667,0.0704800374125131,0.735910416666667,0.209336987516306,0.211803035813297,0.095920138888889,0.264089583333333,0.853934166666667,0.809726944444444,0.679430523982482,25,0.347419768075652,0.722475280066639,"unconstrained",4,-0.375055511990987
3,4.76940601187866,0.230420486111111,0.2640164,0.262401830902778,0.121879274552456,0.769579513888889,0.310447834350185,0.313092255199493,0.130285069444444,0.230420486111111,0.908428888888889,0.891300277777778,0.649705444306031,11,0.322148812653526,0.571768608454024,"unconstrained",4,-0.249619795800498
4,5.49483653451546,0.224825,0.2259148,0.225084291666667,0.00115197584312368,0.775175,0.331039867548251,0.329700196658925,0.136223888888889,0.224825,0.920784444444444,0.902013333333333,0.64501564162931,19,0.185636131786414,0.320169875997324,"unconstrained",4,-0.13453374421091
5,6.17555903273374,0.2155625,0.225012,0.224436245833333,0.039537935596744,0.7844375,0.361663641512823,0.360249966993996,0.142563333333333,0.2155625,0.945516111111111,0.908485555555556,0.637399410405545,24,0.15401888021261,0.283652387991655,"unconstrained",4,-0.129633507779044
6,6.74145855873571,0.208035,0.2148244,0.214326579166667,0.0293551046777739,0.791965,0.387677901551969,0.383609117373714,0.151711666666667,0.208035,0.957418055555555,0.929935277777778,0.631341031484977,17,0.161305456599831,0.242880593964553,"unconstrained",4,-0.0815751373647217
7,7.28441126972779,0.203936875,0.2076972,0.207254039930556,0.0160053089033488,0.796063125,0.402517955295207,0.394325095663843,0.156166180555556,0.203936875,0.963008888888889,0.941449722222222,0.62809089417375,17,0.112831837560119,0.169670881630496,"unconstrained",4,-0.0568390440703766
8,7.64712260264147,0.196797361111111,0.2029548,0.202636306944444,0.0288149045024501,0.803202638888889,0.424814977738063,0.411448149574366,0.158507083333333,0.196797361111111,0.970727222222222,0.952692222222222,0.62250791492876,12,0.0942106984332281,0.12257669541463,"unconstrained",4,-0.0283659969814017
9,8.00479651672298,0.190634930555556,0.1960476,0.195729611805556,0.0260291797597861,0.809365069444444,0.443435416554561,0.425270454737855,0.162135347222222,0.190634930555556,0.977908888888889,0.965091944444444,0.617768197413319,16,0.0514433124436,0.0831970695955056,"unconstrained",4,-0.0317537571519056
10,8.2871211494812,0.18765,0.1907584,0.190508163194444,0.0150028384428191,0.81235,0.453074790579389,0.432678751496561,0.161950555555555,0.18765,0.981648333333333,0.966952777777778,0.615498245829999,15,0.0249775375248828,0.0568364208422954,"unconstrained",4,-0.0318588833174126
11,8.59959636702274,0.185428402777778,0.1869392,0.186753820833333,0.0070971402332826,0.814571597222222,0.461286176128405,0.436998359520411,0.163598541666667,0.185428402777778,0.987294444444445,0.969045833333333,0.613819585294963,15,0.0348162629760638,0.0546390718683096,"unconstrained",4,-0.0198228088922458
12,8.83914793316247,0.182853263888889,0.1853664,0.185233903472222,0.0128520726427943,0.817146736111111,0.46721340105247,0.447370863031323,0.165602291666667,0.182853263888889,0.989935833333334,0.975562222222222,0.611885207275689,20,0.0157703496512042,0.0253503714504365,"unconstrained",4,-0.00958002179923228
0,1.80328251731201,0.315502708333333,0.3317328,0.32946658125,0.0423832756077643,0.684497291666667,0.0463093460583708,0.0521997148610334,0.049720625,0.315502708333333,0.713349444444445,0.755086388888889,0.730463080113234,22,1,0.811339318653831,"unconstrained",5,0.18866068134617
1,3.12131910553407,0.271649305555556,0.31284,0.310916001041667,0.126293582043238,0.728350694444444,0.180312592336887,0.195113343372449,0.0936787499999999,0.271649305555556,0.781123611111111,0.862935277777778,0.686482492312826,13,0.62685077707994,0.698465009658064,"unconstrained",5,-0.0716142325781237
2,4.01116650744374,0.248637222222222,0.2630712,0.261568099305556,0.0494359867188084,0.751362777777778,0.242639124505668,0.266610910223562,0.116289722222222,0.248637222222222,0.857265555555556,0.878039444444444,0.665457505732177,20,0.245480997219834,0.407503119827077,"unconstrained",5,-0.162022122607243
3,4.7789871459393,0.239567916666667,0.2463044,0.245358311458333,0.0235997499218607,0.760432083333333,0.278005475633885,0.287431478192637,0.125955972222222,0.239567916666667,0.886588333333333,0.886187777777778,0.657520916014305,22,0.15774119024945,0.335444251814563,"unconstrained",5,-0.177703061565113
4,5.37491313823823,0.226424097222222,0.2412632,0.240384361458333,0.0580747605685276,0.773575902777778,0.319021672732691,0.324240802115028,0.139303402777778,0.226424097222222,0.9133,0.912458611111111,0.646348985541802,11,0.184180577948074,0.274568357945543,"unconstrained",5,-0.0903877799974696
5,5.90701300207057,0.219674583333333,0.2263308,0.225688106944444,0.0266452835841784,0.780325416666667,0.341423484143407,0.34628409811848,0.147364027777778,0.219674583333333,0.934442222222222,0.920936666666667,0.640758316108504,18,0.126830950886204,0.197885531711702,"unconstrained",5,-0.0710545808254981
6,6.40228853269896,0.208889583333333,0.2185524,0.217990113888889,0.0417474462176491,0.791110416666667,0.370230015168592,0.39012142318796,0.160637083333333,0.208889583333333,0.944661388888889,0.958833611111111,0.632023026705606,20,0.0971917186765314,0.145720975815318,"unconstrained",5,-0.048529257138787
7,6.75347808738671,0.203146111111111,0.2087572,0.208290125347222,0.0246963903235256,0.796853888888889,0.386703063587937,0.408121048821051,0.165398611111111,0.203146111111111,0.951505555555555,0.972999444444444,0.627467603499038,12,0.0790459534372578,0.0989660847200942,"unconstrained",5,-0.0199201312828364
8,7.12861462400553,0.201203541666667,0.2021208,0.201860143055556,0.00325275400557004,0.798796458333333,0.394003151691781,0.413086135876263,0.167475625,0.201203541666667,0.959890555555556,0.972653611111111,0.625941683621427,19,0.0310578534705083,0.0536050409616073,"unconstrained",5,-0.022547187491099
9,7.37009849478033,0.197556597222222,0.2013276,0.201084495486111,0.0175443574372077,0.802443402777778,0.407536281503603,0.424766905461113,0.170640625,0.197556597222222,0.971892222222222,0.974275833333333,0.62309690411707,20,0.0212106098302765,0.0405341336459974,"unconstrained",5,-0.0193235238157209
10,7.58842381605139,0.193357777777778,0.1972264,0.197011549652778,0.0185459780476811,0.806642222222222,0.419701331404713,0.434796902161665,0.173656666666667,0.193357777777778,0.980911666666667,0.979686111111111,0.619853494183019,13,0.0196032156161424,0.0282289642822723,"unconstrained",5,-0.0086257486661299
11,7.72597803878456,0.191341041666667,0.1928368,0.192703310069444,0.00706925274032326,0.808658958333333,0.425358165097636,0.441746008375944,0.175539791666667,0.191341041666667,0.983981111111111,0.984416388888889,0.61830762504692,20,0.00700882944786627,0.00865373056178577,"unconstrained",5,-0.0016449011139195
12,7.79823340575247,0.189649375,0.190722,0.190624614236111,0.0051160194606513,0.810350625,0.431039064217306,0.447900595236461,0.176518125,0.189649375,0.986150555555556,0.987586944444445,0.617016862299576,24,0.00168915406855877,0.0020981460445481,"unconstrained",5,-0.00040899197598933
0,1.72344302882074,0.317956458333333,0.3312492,0.328924545833333,0.033345299519111,0.682043541666667,0.0462539683385951,0.0414277998184675,0.0455274305555554,0.317956458333333,0.726246666666667,0.728895277777778,0.733091026385473,14,1,1.04125323535882,"unconstrained",6,-0.0412532353588235
1,3.01356583462717,0.295945694444444,0.3126384,0.310462585416667,0.0467589064000719,0.704054305555556,0.114068583738741,0.109540621458755,0.0683670833333334,0.295945694444445,0.783365,0.761477777777778,0.710172491034565,20,0.418942579652843,0.928735250871741,"unconstrained",6,-0.509792671218899
2,4.08546434643356,0.271227708333333,0.2932608,0.291578558333333,0.0697954270585798,0.728772291666667,0.184795476664197,0.191997883069738,0.0921167361111112,0.271227708333333,0.860783333333333,0.780994722222222,0.686085359881787,13,0.378331041522407,0.790826814687288,"unconstrained",6,-0.412495773164881
3,4.90277613557937,0.25678375,0.2683896,0.266936509375,0.0380343603007753,0.74321625,0.236478536562503,0.22845268882126,0.101182361111111,0.25678375,0.859118611111111,0.829678611111111,0.672751705846044,22,0.188677041847149,0.613740682828341,"unconstrained",6,-0.425063640981192
4,5.68974951335657,0.233589861111111,0.251492,0.250137892361111,0.0661556355728402,0.766410138888889,0.30898189176243,0.29402825039157,0.122734861111111,0.233589861111111,0.876983888888889,0.901306111111111,0.652392204420573,13,0.375458001538788,0.516474588531692,"unconstrained",6,-0.141016586992904
5,6.69963609898565,0.225691180555556,0.2303032,0.229642182291667,0.0172050347923141,0.774308819444444,0.33269910181374,0.317407503861002,0.130289930555556,0.225691180555556,0.888586388888889,0.920611111111111,0.64573718837239,19,0.288318661669551,0.357849131077222,"unconstrained",6,-0.0695304694076714
6,7.45575380353626,0.210597291666667,0.219998,0.219572936805556,0.0408777387116582,0.789402708333333,0.379247997526813,0.357407262170668,0.139742708333333,0.210597291666667,0.915144722222222,0.943146111111111,0.633390276878642,13,0.191392069279806,0.275157739009328,"unconstrained",6,-0.0837656697295214
7,8.09614770749636,0.201237638888889,0.2086744,0.208157891666667,0.0332452097894012,0.798762361111111,0.406053399295796,0.382515686627966,0.147858472222222,0.201237638888889,0.947034722222222,0.946206944444444,0.62596840354931,25,0.127267811996879,0.216800417864597,"unconstrained",6,-0.0895326058677187
8,8.68949547815912,0.193541875,0.1989016,0.198565902430556,0.0253015616934163,0.806458125,0.429174705059088,0.405189952476001,0.153119236111111,0.193541875,0.970130277777778,0.949024444444444,0.619994993540427,23,0.117752684249951,0.1495042100064,"unconstrained",6,-0.031751525756449
9,9.22811030290613,0.187236527777778,0.1907176,0.190404353125,0.0166373577874166,0.812763472222222,0.447492460603633,0.423107617018116,0.160394861111111,0.187236527777778,0.979670833333333,0.966645833333333,0.615185127147658,15,0.0698373840637393,0.0786931466078191,"unconstrained",6,-0.00885576254407976
10,9.46294299570867,0.185390902777778,0.1865004,0.186237554513889,0.0045460849092492,0.814609097222222,0.452024340942354,0.428956153318447,0.163442708333333,0.185390902777778,0.985345833333333,0.970757777777778,0.613791328509559,19,0.0365495902796327,0.0346656252366794,"unconstrained",6,0.00188396504295327
11,9.76003032857484,0.184447361111111,0.1859172,0.185755009027778,0.00703963744240717,0.815552638888889,0.453720757244606,0.434046513351904,0.167150138888889,0.184447361111111,0.986990277777778,0.978415277777778,0.613081211632399,19,0.0204179398725613,0.042969583223363,"unconstrained",6,-0.0225516433508016
12,9.94518168996733,0.183168680555556,0.1840708,0.183938205902778,0.00418360798641776,0.816831319444444,0.457094510649357,0.439353978201763,0.168642708333333,0.183168680555556,0.988798888888889,0.982149166666667,0.612121484690459,14,0.0114266022278971,0.022821213129542,"unconstrained",6,-0.011394610901645
0,1.72373819349436,0.315619861111111,0.33029,0.328022113888889,0.037809197162783,0.684380138888889,0.0520342832530488,0.0406271111096025,0.0475506944444446,0.315619861111111,0.739986388888889,0.723875277777778,0.730588121408322,17,1,0.869055554841388,"unconstrained",7,0.130944445158612
1,3.15126387449599,0.282808541666667,0.3106332,0.308754716319444,0.0840349095297164,0.717191458333333,0.164690699259962,0.132630449382026,0.0793392361111109,0.282808541666667,0.809983888888889,0.7830775,0.697163908173056,18,0.724721625325132,0.760394733805562,"unconstrained",7,-0.03567310848043
2,4.36667125329545,0.245784097222222,0.2750144,0.273344672916667,0.10082719154672,0.754215902777778,0.269440125604684,0.242145045073195,0.118515069444444,0.245784097222222,0.867111666666667,0.878350277777778,0.662940145067877,17,0.678132370161987,0.539073499248463,"unconstrained",7,0.139058870913524
3,5.14455711201136,0.235780486111111,0.2464292,0.245485362152778,0.0395334204718358,0.764219513888889,0.304136691884632,0.26734682921971,0.127672847222222,0.235780486111111,0.881818333333333,0.901966388888889,0.654262277935886,18,0.219658558750163,0.355924293538293,"unconstrained",7,-0.13626573478813
4,5.90094565608,0.213572638888889,0.2327908,0.231976115625,0.0793334981341837,0.786427361111111,0.37179544392534,0.340721581301099,0.14715875,0.213572638888889,0.938628055555556,0.928544166666667,0.635786627888392,16,0.316004317192898,0.285605657732383,"unconstrained",7,0.0303986594605158
5,6.50135886322614,0.213605277777778,0.2122724,0.211730127777778,-0.00885632110876596,0.786394722222222,0.371115028707308,0.338047128991953,0.143593888888889,0.213605277777778,0.926331944444444,0.933645277777778,0.63581301586954,14,0.0933765559454235,0.168397999850065,"unconstrained",7,-0.0750214439046415
6,7.14871934525319,0.206046666666667,0.2105264,0.210019427430556,0.0189161584358783,0.793953333333333,0.393500584006604,0.356271186453418,0.148415555555556,0.206046666666667,0.941496111111111,0.943241666666667,0.629759935512583,20,0.112961450114792,0.148177801383879,"unconstrained",7,-0.0352163512690868
7,7.56862485628141,0.1968,0.2046804,0.204234019097222,0.0363995142928828,0.8032,0.41934202160012,0.386579050880601,0.155930555555556,0.1968,0.965068888888889,0.953192222222222,0.622509960159363,15,0.0749999497376876,0.0943211847899031,"unconstrained",7,-0.0193212350522155
8,7.95474826302695,0.194146666666667,0.19638,0.196085615972222,0.00988827913736516,0.805853333333333,0.424708063381577,0.395836654106,0.158256111111111,0.194146666666667,0.968885,0.959333888888889,0.62046029881368,15,0.0373900969030704,0.0529323128670415,"unconstrained",7,-0.0155422159639711
9,8.19890348313212,0.188375208333333,0.193204,0.192953109722222,0.0237254605301739,0.811624791666667,0.443292510040357,0.413992731098152,0.162744791666667,0.188375208333333,0.971993888888889,0.976745277777778,0.616048209879411,21,0.0150887845836357,0.0371354245167218,"unconstrained",7,-0.0220466399330861
10,8.39926425785063,0.183480763888889,0.186106,0.185909123611111,0.0130620793377624,0.816519236111111,0.456902716694401,0.427377402102808,0.163952291666667,0.183480763888889,0.975545833333333,0.985397222222222,0.6123554447797,16,0.0165244714938933,0.0230013431723076,"unconstrained",7,-0.00647687167841439
11,8.5093537157417,0.181688958333333,0.1832496,0.183089127430556,0.00764747266466334,0.818311041666667,0.463543394498394,0.430656611462113,0.166521875,0.181688958333333,0.978967777777778,0.990698055555555,0.611014607577141,11,0.00585427648754332,0.00621877043310609,"unconstrained",7,-0.000364493945562763
12,8.54532953033727,0.180506180555556,0.1819644,0.181865904861111,0.00747652126765578,0.819493819444444,0.468056788915416,0.433645205409069,0.168852152777778,0.180506180555556,0.982101666666667,0.994590277777778,0.610132728443227,19,0.00104204413172789,0.00219475649764461,"unconstrained",7,-0.00115271236591672
0,1.69032566483975,0.312431111111111,0.3242912,0.322007779513889,0.0297404876901886,0.687568888888889,0.0434934972855736,0.0397739648468275,0.0451933333333333,0.312431111111111,0.731128888888889,0.734395555555556,0.727199860377627,12,1,1.02132747306159,"unconstrained",8,-0.0213274730615898
1,2.83317798273465,0.297350555555556,0.3103192,0.308276054166667,0.0354406333655883,0.702649444444444,0.0815890547326237,0.0966204321162637,0.0636311111111112,0.297350555555556,0.7720775,0.760483611111111,0.711592393551708,12,0.569044666390614,0.873044506632288,"unconstrained",8,-0.303999840241675
2,3.77742845466677,0.280738611111111,0.292614,0.290817697916667,0.0346577490907851,0.719261388888889,0.149897813209547,0.143935871583424,0.080938611111111,0.280738611111111,0.811132222222222,0.789267777777778,0.695157570980415,17,0.569124681506975,0.754683026484387,"unconstrained",8,-0.185558344977413
3,4.83363803148039,0.260864375,0.276258,0.274863241666667,0.0509302974882446,0.739135625,0.210465457210578,0.217126606591796,0.102174513888889,0.260864375,0.853638611111111,0.828981666666667,0.676465838052387,17,0.325975428549115,0.66440260361164,"unconstrained",8,-0.338427175062525
4,5.72835264368529,0.24622375,0.2578924,0.256795570486111,0.0411682353636351,0.75377625,0.251792904896499,0.269301161823152,0.117017083333333,0.24622375,0.893180277777778,0.848406388888889,0.663326816147365,13,0.347521377710237,0.523075933998568,"unconstrained",8,-0.175554556288332
5,6.84896032266065,0.235513958333333,0.2449772,0.244042218055556,0.034945837610281,0.764486041666667,0.286471095836046,0.307193376905129,0.125910486111111,0.235513958333333,0.899355,0.881438055555556,0.654034178191067,25,0.26028684969203,0.450121968506422,"unconstrained",8,-0.189835118814392
6,7.64726922243928,0.226742847222222,0.234056,0.233218656597222,0.027767115502187,0.773257152777778,0.315402309293446,0.337857352571392,0.136078819444444,0.226742847222222,0.917268055555555,0.901403888888889,0.646615421795771,16,0.276519542159569,0.3914292205067,"unconstrained",8,-0.114909678347131
7,8.59944348625526,0.217766388888889,0.2259932,0.225315153819444,0.0335031390591897,0.782233611111111,0.338890762868492,0.367033766624401,0.142616111111111,0.217766388888889,0.927256388888889,0.922443055555556,0.639195238989773,20,0.166321773644915,0.296171973218796,"unconstrained",8,-0.129850199573881
8,9.31984742509832,0.206705763888889,0.2169924,0.216433308680556,0.0449447677484058,0.793294236111111,0.367043106917854,0.408905692072176,0.152220069444444,0.206705763888889,0.948450277777778,0.942578333333333,0.630283162589333,19,0.156127714227082,0.214245880542337,"unconstrained",8,-0.0581181663152552
9,9.82860146522346,0.201793958333333,0.204782,0.204464685416667,0.0130620457899163,0.798206041666667,0.384060762711217,0.428062458855682,0.156756319444444,0.201793958333333,0.957770277777778,0.952154444444444,0.626404679869363,20,0.11430253136594,0.14174710461028,"unconstrained",8,-0.0274445732443405
10,10.2840868431828,0.197978402777778,0.2020388,0.201646194791667,0.0181892448686092,0.802021597222222,0.394642941234037,0.44125394958981,0.159894097222222,0.197978402777778,0.964194444444444,0.959636944444444,0.623424608179798,18,0.0769207448660696,0.111729477329292,"unconstrained",8,-0.0348087324632219
11,10.6458263461887,0.194340208333333,0.1961748,0.195907860069444,0.00800198489001629,0.805659791666667,0.406331533138599,0.450581182022454,0.164310625,0.194340208333333,0.97146,0.968480833333333,0.620609350462496,18,0.0623557521378809,0.0873094318768701,"unconstrained",8,-0.0249536797389892
12,11.088204723753,0.18969125,0.1923716,0.192148821180556,0.0127899362871775,0.81030875,0.420954603206794,0.458523029414953,0.167435138888889,0.18969125,0.975639166666667,0.979848611111111,0.617048748393745,20,0.0395019877383415,0.066206875134734,"unconstrained",8,-0.0267048873963925
0,1.37497044777657,0.320049097222222,0.3280928,0.325827530902778,0.0177346391342228,0.679950902777778,0.0256536788564564,0.0312024654653885,0.0435017361111112,0.320049097222222,0.718329166666667,0.728576111111111,0.735347211037398,12,1,1.12103664123217,"constrained",1,-0.12103664123217
1,2.9923922672759,0.308317222222222,0.3166112,0.314447460763889,0.019495271250639,0.691682777777778,0.0538961314461747,0.0773234323166305,0.0591719444444444,0.308317222222222,0.748241944444445,0.7534675,0.722874728219182,14,0.928521449036598,1.0412648463083,"constrained",1,-0.112743397271705
2,4.0649280124585,0.298700138888889,0.3060416,0.304229691666667,0.0181755855172621,0.701299861111111,0.0786788677509119,0.116246429345727,0.0707306944444445,0.298700138888889,0.784456944444444,0.759604166666667,0.71296178386207,15,0.870028546580861,0.881915649939751,"constrained",1,-0.0118871033588902
3,4.83034405921582,0.290692569444444,0.2957268,0.294061714930556,0.0114572734737222,0.709307430555556,0.101423844284131,0.145155592020274,0.0786815972222223,0.290692569444444,0.793089166666667,0.782888888888889,0.704912959403769,11,1.06137118837608,0.798949689649197,"constrained",1,0.26242149872688
4,5.98339839626417,0.282111805555556,0.289556,0.287728762152778,0.0195217070243387,0.717888194444444,0.127593580282937,0.186344585394867,0.091940138888889,0.282111805555556,0.812878055555556,0.806778611111111,0.696487285721334,14,0.91193984996036,0.73284182354924,"constrained",1,0.17909802641112
5,6.5927015658925,0.275843611111111,0.2790964,0.277689403125,0.00664696597391594,0.724156388888889,0.140196540197391,0.217956010853862,0.101783611111111,0.275843611111111,0.833414166666667,0.818465833333333,0.690458591088558,12,0.610421771035767,0.634235431035053,"constrained",1,-0.0238136599992852
6,7.76769743790853,0.265466944444444,0.270646,0.269217595486111,0.0139316712746594,0.734533055555556,0.165559034925669,0.262401038214963,0.114188888888889,0.265466944444445,0.856552777777778,0.840891111111111,0.68070455947259,18,0.598688633788904,0.553848041000831,"constrained",1,0.0448405927880734
7,8.61747115028128,0.258261180555556,0.2616044,0.260493570833333,0.00856984788774722,0.741738819444444,0.187348347313255,0.289801771754892,0.126369930555556,0.258261180555555,0.876058055555555,0.860159444444445,0.674091724597204,13,0.491933786077328,0.453732003156244,"constrained",1,0.0382017829210837
8,9.55981330760232,0.246800208333333,0.2521856,0.251319494444444,0.0179822346097791,0.753199791666667,0.221101603031608,0.325517060370234,0.136389236111111,0.246800208333333,0.893104444444444,0.886073611111111,0.663834490572029,16,0.303465748201825,0.349009015725203,"constrained",1,-0.0455432675233785
9,10.0743710513557,0.242654236111111,0.2446664,0.243866591666667,0.00497138844345127,0.757345763888889,0.229924697029603,0.342498034322768,0.139732708333333,0.242654236111111,0.896068055555556,0.898088888888889,0.660200431349287,16,0.325362812767696,0.317446034116934,"constrained",1,0.00791677865076212
10,10.6305730946608,0.2366025,0.2417836,0.241004148611111,0.0182637877251385,0.7633975,0.243915375881203,0.366573253003208,0.147485555555556,0.2366025,0.908594444444444,0.913171666666667,0.654966776810246,11,0.493128296873421,0.299968106526387,"constrained",1,0.193160190347034
11,11.284636706759,0.231136875,0.2335544,0.232908069444444,0.00760469333960502,0.768863125,0.260735714286298,0.383225957181742,0.153620347222222,0.231136875,0.925898611111111,0.919068333333333,0.650310807921761,14,0.249623163542959,0.227812669045998,"constrained",1,0.021810494496961
12,11.733047099211,0.227762013888889,0.2298172,0.22938776875,0.00708736507604729,0.772237986111111,0.263848059423438,0.408994682517704,0.160979652777778,0.227762013888889,0.937922222222222,0.928513055555556,0.647468797174734,20,0.15858668960135,0.179527968932548,"constrained",1,-0.0209412793311986
0,1.26858851111997,0.320892291666667,0.327496,0.325230071875,0.0133375741773367,0.679107708333333,0.0200047659578925,0.0228989963819396,0.0400935416666668,0.320892291666667,0.722432777777778,0.715969722222222,0.736260233633779,9,1,1.1578933721548,"constrained",2,-0.157893372154798
1,2.59296988509537,0.311557708333333,0.318298,0.316213769791667,0.0147244108357487,0.688442291666667,0.0463351705068478,0.0589080466387439,0.0511356250000001,0.311557708333333,0.741758611111111,0.737397222222222,0.726277287221181,15,0.857420465180201,1.06193276092265,"constrained",2,-0.204512295742451
2,3.47270257050627,0.296356597222222,0.3034144,0.301510279861111,0.0170928919613054,0.703643402777778,0.0977985574169977,0.099337946137375,0.063343125,0.296356597222222,0.775405,0.758568055555556,0.710587206568194,13,0.529410157652019,0.91801070711619,"constrained",2,-0.388600549464171
3,3.92750405384432,0.290196319444444,0.2943428,0.292548783680556,0.00804127163516022,0.709803680555556,0.111811750396332,0.123479425940936,0.0720520138888889,0.290196319444445,0.783763333333333,0.779948055555555,0.704420128687774,11,0.812465220676327,0.874009517825745,"constrained",2,-0.0615442971494183
4,4.88112516314412,0.278160555555556,0.28452,0.282808320486111,0.0164343288152437,0.721839444444444,0.149319167501627,0.156187393016716,0.0796766666666667,0.278160555555556,0.806459722222222,0.7965725,0.69267480995697,15,0.520821504589453,0.788962854942152,"constrained",2,-0.268141350352698
5,5.9829519138333,0.269465694444444,0.2753468,0.273644325694444,0.015270301108549,0.730534305555556,0.175121973302202,0.181828341318659,0.0883709722222221,0.269465694444444,0.821235,0.816575555555556,0.684430554729063,19,0.733281262502899,0.678458841680556,"constrained",2,0.0548224208223429
6,7.03989861852459,0.258941805555556,0.2641116,0.2628925875,0.0150281222533307,0.741058194444444,0.208755691852249,0.222483904215846,0.101399305555556,0.258941805555556,0.847603888888889,0.837311111111111,0.674710844233818,16,0.571627695488502,0.610702999821504,"constrained",2,-0.0390753043330022
7,7.6526075143844,0.250484791666667,0.2552964,0.253958890625,0.013679768996405,0.749515208333333,0.232681947279915,0.247718552201106,0.107772430555556,0.250484791666667,0.865090277777778,0.849485,0.667097871318488,11,0.279893293296807,0.528543374409924,"constrained",2,-0.248650081113117
8,8.58419845625835,0.240646111111111,0.2463876,0.24536953125,0.0192502309264972,0.759353888888889,0.259707880486821,0.278812050260967,0.116412222222222,0.240646111111111,0.883901666666667,0.867630555555556,0.658454519448917,17,0.338538650955603,0.464581017667236,"constrained",2,-0.126042366711632
9,9.37021106360031,0.231976527777778,0.2337976,0.233019387152778,0.00447541892433296,0.768023472222222,0.285565734431112,0.310154710312265,0.12635875,0.231976527777778,0.900965555555555,0.887798888888889,0.651021769625458,14,0.305897077523568,0.381848903964844,"constrained",2,-0.0759518264412766
10,10.1059188828006,0.227239236111111,0.2315856,0.230751291319444,0.0152200890762141,0.772760763888889,0.301099090024833,0.329214172422626,0.134449097222222,0.227239236111111,0.923595833333333,0.890823888888889,0.647030780242735,22,0.273028781359668,0.335305641316591,"constrained",2,-0.0622768599569233
11,10.5369464228457,0.222882847222222,0.2269984,0.226302579861111,0.0151113285627929,0.777117152777778,0.313529048981022,0.347075721987414,0.139310208333333,0.222882847222222,0.935368055555555,0.897486666666667,0.643403633818618,10,0.189443994618754,0.263325127910062,"constrained",2,-0.073881133291308
12,11.1352165322905,0.216020347222222,0.2204524,0.219912579166667,0.0176989963884451,0.783979652777778,0.338512459542999,0.363462586414899,0.145111319444444,0.216020347222222,0.949659444444445,0.9085225,0.637771654185682,13,0.161434313298005,0.232918486214216,"constrained",2,-0.0714841729162115
0,1.74225379723394,0.326997013888889,0.3345224,0.332128914583333,0.015451532429456,0.673002986111111,0.0208727354658382,0.0361833482254012,0.0467979861111112,0.326997013888889,0.714955,0.724646944444444,0.742938754089646,16,1,1.09783115172632,"constrained",3,-0.097831151726322
1,2.60459688113292,0.315998194444444,0.321748,0.319738922569444,0.0116993204797817,0.684001805555556,0.0540365796595228,0.0717517596090909,0.0588218055555556,0.315998194444445,0.732246388888889,0.753400833333333,0.730992222445807,9,0.953498448465796,0.982766856961423,"constrained",3,-0.0292684084956277
2,3.46365426382913,0.3054425,0.3119652,0.310057712152778,0.0148850100219527,0.6945575,0.0819304865162364,0.1047693018424,0.0681822222222221,0.3054425,0.752638055555556,0.772841388888889,0.719882803079659,10,0.79015319444504,0.878080285775741,"constrained",3,-0.0879270913307013
3,4.24596248808542,0.294220763888889,0.3015364,0.299645500347222,0.0181038475533499,0.705779236111111,0.122790392649403,0.136694787140156,0.079394513888889,0.294220763888889,0.773952222222222,0.796395277777778,0.708436823325991,11,0.792359417144126,0.803198107799923,"constrained",3,-0.010838690655796
4,5.15264035285816,0.285065,0.2888172,0.286962314930556,0.00661172158098427,0.714935,0.144044536150806,0.168703147704002,0.0904325,0.285065,0.796477222222223,0.814257777777777,0.699364277871415,12,0.520234979272907,0.688083360793655,"constrained",3,-0.167848381520749
5,6.03384849735353,0.272634097222222,0.2789596,0.277623115972222,0.0179704731449639,0.727365902777778,0.176748934563228,0.218250161237715,0.105012847222222,0.272634097222222,0.818373888888889,0.846383611111111,0.687411931313418,17,0.336807288733842,0.595212392167711,"constrained",3,-0.258405103433869
6,6.54079170117912,0.270607222222222,0.2742932,0.272942125,0.00855457096546661,0.729392777777778,0.18467847847464,0.220744162182397,0.106401666666667,0.270607222222222,0.820865,0.850723888888889,0.68550171489679,12,0.419649115507465,0.530854299558483,"constrained",3,-0.111205184051019
7,7.32733747985114,0.263316736111111,0.2700424,0.268687505208333,0.0199889053011897,0.736683263888889,0.203522983904586,0.249234746152404,0.114952430555555,0.263316736111111,0.832311388888889,0.87096,0.678717740050917,18,0.396447453210299,0.504060620061656,"constrained",3,-0.107613166851357
8,7.99271617582816,0.254361180555556,0.2572444,0.25618599375,0.00712300140898878,0.745638819444444,0.230521054462921,0.273738982046895,0.122949375,0.254361180555555,0.860288055555556,0.876888333333333,0.670565945550604,19,0.473375876685869,0.410867052344869,"constrained",3,0.0625088243409999
9,8.69773080036456,0.247473194444444,0.2508752,0.249967830902778,0.00997983000181949,0.752526805555556,0.250785666326042,0.301297897009211,0.131580972222222,0.247473194444444,0.876968333333333,0.891247222222222,0.664428158982155,12,0.282484984886155,0.33839932087946,"constrained",3,-0.0559143359933044
10,9.11313375350797,0.240641875,0.2459428,0.245189509027778,0.0185474249930594,0.759358125,0.269946691457833,0.323587757075719,0.138615347222222,0.240641875,0.892503611111111,0.903443333333333,0.658450846232797,13,0.199138640052487,0.292933827070381,"constrained",3,-0.0937951870178949
11,9.80238242440878,0.235093055555556,0.2390572,0.238237394791667,0.0131983446127789,0.764906944444444,0.28908447458148,0.339773014984048,0.143725277777778,0.235093055555555,0.909536111111111,0.907728333333333,0.653674284998357,16,0.228036216883486,0.257436300269348,"constrained",3,-0.0294000833858625
12,10.3793211609682,0.227303472222222,0.2322428,0.231677901388889,0.0188815123947615,0.772696527777778,0.312438197246783,0.359874203094341,0.148652638888889,0.227303472222222,0.930213888888889,0.912484444444444,0.647084569459586,12,0.137319030524036,0.218574990593457,"constrained",3,-0.0812559600694205
0,1.43905662375414,0.326025,0.3337572,0.331444012847222,0.0163497080567876,0.673975,0.0214542245166429,0.0313903090258271,0.0424475000000001,0.326025,0.718624166666667,0.714220833333334,0.741867279943618,12,1,1.0892823928407,"constrained",4,-0.0892823928407003
1,2.42913217984236,0.314102847222222,0.3199688,0.317896725694444,0.0119343112576402,0.685897152777778,0.068068869658311,0.0635250784670267,0.053518263888889,0.314102847222222,0.738096666666667,0.740734166666667,0.728972263516589,10,0.418873038900348,0.97305791557176,"constrained",4,-0.554184876671412
2,3.20549332465076,0.301871180555556,0.307776,0.305802636111111,0.0128561859555951,0.698128819444444,0.101311992261996,0.105408856033147,0.0678185416666668,0.301871180555556,0.769320833333333,0.762573888888889,0.71620019983975,13,0.523320356537448,0.854888478806566,"constrained",4,-0.331568122269117
3,4.33475767319179,0.290016319444444,0.2951256,0.293418147222222,0.0115937879438705,0.709983680555556,0.13369733239096,0.145969341295429,0.0806092361111109,0.290016319444444,0.804833055555555,0.776352777777778,0.704241539198133,14,0.563067777708066,0.722038356373931,"constrained",4,-0.158970578665865
4,5.09878862123308,0.279940069444444,0.2864896,0.2849018375,0.0174157109659059,0.720059930555556,0.162245929121302,0.179345967368293,0.0907113194444444,0.279940069444444,0.827523611111111,0.794018888888889,0.694386645864643,11,0.568376827491268,0.618850882927617,"constrained",4,-0.0504740554363495
5,5.70583264885695,0.273378819444444,0.279932,0.278356822569444,0.0178835319323208,0.726621180555556,0.177536572848531,0.205673392448375,0.0984086805555555,0.273378819444444,0.843810277777778,0.806249444444444,0.688116467535,15,0.401307911856732,0.561833016744312,"constrained",4,-0.16052510488758
6,6.53315021932407,0.263564027777778,0.2690756,0.267845943402778,0.0159864867490676,0.736435972222222,0.204500987896992,0.236387968213868,0.108655138888889,0.263564027777778,0.861350833333333,0.828831388888889,0.678945650212105,13,0.38880552417486,0.495645792540634,"constrained",4,-0.106840268365773
7,7.38830753407635,0.254418125,0.2593224,0.258179511458333,0.0145688805323359,0.745581875,0.230189874148397,0.273813941442459,0.121055486111111,0.254418125,0.8774325,0.855842222222222,0.670617160590177,14,0.258315357001161,0.41411966012216,"constrained",4,-0.155804303120999
8,8.00055837230644,0.245053888888889,0.2511048,0.250051873263889,0.0199877901723433,0.754946111111111,0.254016235791805,0.308393919343134,0.13331,0.245053888888889,0.893298333333333,0.883213888888889,0.662298927885213,13,0.216161668226798,0.337147903344487,"constrained",4,-0.120986235117689
9,8.75601827418758,0.238023194444444,0.2423,0.241495572569444,0.0143786409334752,0.761976805555556,0.277161525864924,0.32874038912586,0.136021805555556,0.238023194444444,0.90574,0.890257222222222,0.656187952644374,19,0.15330768793337,0.275811481635463,"constrained",4,-0.122503793702094
10,9.42140944023541,0.232099513888889,0.2354152,0.234615377777778,0.0107233545930301,0.767900486111111,0.294119913502823,0.353674998324527,0.143297152777778,0.232099513888889,0.924726944444444,0.897668333333333,0.651126036567781,17,0.216097156522763,0.229856342289498,"constrained",4,-0.0137591857667355
11,9.81454283654302,0.229295069444444,0.2325904,0.232022694097222,0.0117558528634051,0.770704930555556,0.301566920843925,0.363795284311606,0.146787430555556,0.229295069444444,0.931552222222222,0.9034325,0.648756716321485,11,0.175931542884554,0.203636952732892,"constrained",4,-0.0277054098483378
12,10.4399300904452,0.222979097222222,0.2272388,0.226698653125,0.0164074900821174,0.777020902777778,0.323116704895747,0.380378959438821,0.151443958333333,0.222979097222222,0.936529444444444,0.920400277777778,0.643483332575155,14,0.112391742701735,0.170337570152417,"constrained",4,-0.0579458274506821
0,1.40419975202733,0.324355902777778,0.3317328,0.32946658125,0.0155119783403592,0.675644097222222,0.0179463992528919,0.0277975909465937,0.0421188194444444,0.324355902777778,0.708958611111111,0.726567222222222,0.740034586338653,13,1,0.811339318653831,"constrained",5,0.18866068134617
1,2.71822706050576,0.311379791666667,0.3194372,0.317142218402778,0.0181698506276851,0.688620208333333,0.0541286016363086,0.0739632520482765,0.0582321527777778,0.311379791666667,0.731261944444444,0.762442777777778,0.72608964121188,13,0.758807322594955,0.757352585042382,"constrained",5,0.00145473755257286
2,3.67603969060097,0.301757013888889,0.3077012,0.305722169444444,0.0129698005308579,0.698242986111111,0.0768419105006697,0.114428428365437,0.0720757638888888,0.301757013888889,0.741155277777778,0.799482222222222,0.716083097067351,18,0.489428645999785,0.682191605772267,"constrained",5,-0.192762959772482
3,4.55436539541955,0.290177291666667,0.294468,0.293032619791667,0.00974406237445496,0.709822708333333,0.114404726075912,0.153329547521844,0.0849357638888887,0.290177291666667,0.763509166666667,0.826007777777778,0.704401245733603,11,0.661994509381334,0.589882591967333,"constrained",5,0.0721119174140008
4,5.21344686608202,0.277517361111111,0.2845868,0.282872685763889,0.0189319256410914,0.722482638888889,0.151164486897396,0.19670887329633,0.0966151388888891,0.277517361111111,0.782400833333333,0.855794722222222,0.692058152108615,15,0.383052401596002,0.521095106667184,"constrained",5,-0.138042705071182
5,5.91955865287034,0.267992083333333,0.2740196,0.272796425,0.0176114539135425,0.732007916666667,0.179358193442673,0.224688458602882,0.103340138888889,0.267992083333333,0.798907777777778,0.871788333333333,0.683052721993558,14,0.278766730420075,0.466115196515817,"constrained",5,-0.187348466095741
6,6.8238340526269,0.257312152777778,0.2629732,0.261854601041667,0.017347215767143,0.742687847222222,0.203763607803196,0.262682562432955,0.113364513888889,0.257312152777778,0.822835,0.889269722222222,0.673230350907295,13,0.214754236969625,0.392656544556977,"constrained",5,-0.177902307587352
7,7.4971002262146,0.249938194444444,0.25586,0.254867086458333,0.0193390683841584,0.750061805555556,0.225138743511151,0.291073183623021,0.123266527777778,0.249938194444445,0.850950833333333,0.895705833333333,0.666611732922009,15,0.226725708495839,0.324531409954687,"constrained",5,-0.097805701458848
8,8.06034787786637,0.241218263888889,0.2456636,0.244779628819444,0.0145492700831836,0.758781736111111,0.25222275354542,0.320203652723641,0.131710347222222,0.241218263888889,0.870827222222222,0.910156944444444,0.658951021360355,12,0.144187956072597,0.265904156091157,"constrained",5,-0.121716200018559
9,8.56899467686467,0.235745,0.239284,0.23850013125,0.0115519066407223,0.764255,0.269647883193855,0.337763460784623,0.136455555555556,0.235745,0.880067777777778,0.921353333333333,0.654231899038933,13,0.136320044594842,0.203530837083239,"constrained",5,-0.0672107924883962
10,9.1159790560634,0.227158958333333,0.2320964,0.231467422222222,0.0186136945213505,0.772841041666667,0.298447156162826,0.365763840227266,0.143741319444444,0.227158958333333,0.895635277777778,0.937529444444444,0.646963570829167,14,0.120867231668596,0.145057244009882,"constrained",5,-0.0241900123412864
11,9.57705333194693,0.220013055555556,0.2248356,0.224202345486111,0.0186853082266935,0.779986944444444,0.321001302385383,0.387871784158184,0.151979444444444,0.220013055555556,0.916719722222222,0.947213055555556,0.641036370623013,15,0.0778668887590044,0.108461038461587,"constrained",5,-0.0305941497025822
12,9.92063574820577,0.214002013888889,0.2184768,0.217887392708333,0.0178320497168255,0.785997986111111,0.337994760816108,0.410273461664325,0.158147430555555,0.214002013888889,0.9336975,0.954593333333333,0.636133945423772,15,0.0257756773166088,0.0652994662922067,"constrained",5,-0.0395237889755979
0,1.50367321505012,0.32316,0.3312492,0.328924545833333,0.0175254352597153,0.67684,0.0272686812779833,0.030618361393731,0.0426172222222222,0.32316,0.721091388888889,0.717823055555556,0.738727025589504,10,1,1.04125323535882,"constrained",6,-0.0412532353588235
1,2.50825670432762,0.311500138888889,0.31961,0.317442401736111,0.0187191843771455,0.688499861111111,0.0637963100894189,0.0722034495327366,0.0585843055555556,0.311500138888889,0.746733611111111,0.747434722222222,0.726216558988251,14,0.948558906438723,0.934805929471397,"constrained",6,0.0137529769673255
2,3.16997683029107,0.304189861111111,0.3087516,0.307040257638889,0.00928346188117815,0.695810138888889,0.0856056751174271,0.0960633025361598,0.06627625,0.304189861111111,0.765430833333334,0.758741944444445,0.718586827145735,10,0.856684832950361,0.835059138477195,"constrained",6,0.0216256944731654
3,3.79109004043978,0.295573472222222,0.3017208,0.299937685416667,0.014550399655121,0.704426527777778,0.110698738075676,0.126475224130123,0.07641375,0.295573472222222,0.792104444444444,0.769576111111111,0.70979723261889,14,0.773561371580626,0.769877185378443,"constrained",6,0.00368418620218336
4,4.93729689140935,0.286628888888889,0.292708,0.291164682986111,0.0155781053206873,0.713371111111111,0.131868800405675,0.170357582637493,0.0906575000000001,0.286628888888889,0.8142375,0.793819722222222,0.700897460259114,11,0.595666851818498,0.688916044737037,"constrained",6,-0.0932491929185392
5,5.83509163581623,0.273450069444444,0.2794368,0.278015558333333,0.0164217028581363,0.726549930555556,0.17341681712928,0.213564113402304,0.104651875,0.273450069444444,0.8403075,0.822096111111111,0.688183948510842,13,0.31223682656239,0.588961807250208,"constrained",6,-0.276724980687818
6,6.52806506012422,0.261014236111111,0.2673,0.266064534027778,0.0189814773138439,0.738985763888889,0.209897061260418,0.264783249460088,0.120994652777778,0.261014236111111,0.874843333333333,0.8451175,0.676603020562624,18,0.172145652290121,0.464183893400178,"constrained",6,-0.292038241110057
7,7.31508793129415,0.251609236111111,0.2573572,0.256311089930556,0.0183443245499771,0.748390763888889,0.233021805686134,0.299085687389612,0.132302430555556,0.251609236111111,0.877820277777778,0.883566111111111,0.668100174569008,21,0.220625044405859,0.365466983785689,"constrained",6,-0.144841939379829
8,8.01345479505611,0.245437708333333,0.2512472,0.250383464236111,0.0197527257555393,0.754562291666667,0.247611702298484,0.331280420517514,0.141905347222222,0.245437708333333,0.895421388888889,0.897513888888889,0.66263581618372,13,0.318763802982814,0.309694828764172,"constrained",6,0.00906897421864195
9,8.61684580535977,0.235824097222222,0.2405308,0.239960032638889,0.0172359345478618,0.764175902777778,0.278869260581063,0.361677927262497,0.152792013888889,0.235824097222222,0.915966944444444,0.917968888888889,0.654299616335062,13,0.226691949048463,0.231497094810744,"constrained",6,-0.00480514576228128
10,9.26049302906807,0.227985277777778,0.2325924,0.231947234375,0.0170812840597045,0.772014722222222,0.298266072123107,0.38548974438454,0.160403888888889,0.227985277777778,0.934015833333333,0.930821388888889,0.647656042828775,21,0.103967592517169,0.182732289306732,"constrained",6,-0.0787646967895635
11,9.53931411050709,0.225395277777778,0.2277968,0.227228124305556,0.00806610772050876,0.774604722222222,0.306939355343175,0.397983615225271,0.166326666666667,0.225395277777778,0.946031666666667,0.935831111111111,0.645490513620388,12,0.15067766771242,0.151608203209255,"constrained",6,-0.000930535496835111
12,9.93951855997896,0.219425069444444,0.2240704,0.223638973263889,0.0188424394815664,0.780574930555556,0.324822933217411,0.419001260125465,0.170997708333333,0.219425069444444,0.961040277777778,0.942105,0.640553495157905,20,0.0743410217650694,0.0998717769774241,"constrained",6,-0.0255307552123547
0,1.51892092991515,0.321550972222222,0.33029,0.328022113888889,0.0197277603937968,0.678449027777778,0.0290961075728783,0.0300141202286414,0.0444740277777779,0.321550972222222,0.725276111111111,0.72057,0.736975040907233,13,1,0.869055554841388,"constrained",7,0.130944445158612
1,2.30143917910878,0.309527708333333,0.3168992,0.315038834375,0.0174934815658524,0.690472291666667,0.0642000961706084,0.0705201004750852,0.0572731249999999,0.309527708333333,0.747395555555556,0.748095277777778,0.724142019939854,13,0.485775141310402,0.773378310441991,"constrained",7,-0.287603169131589
2,3.2239355295703,0.297661805555556,0.3049696,0.303201023958333,0.0182691282848009,0.702338194444444,0.104238138570476,0.106098113179465,0.0713379166666667,0.297661805555555,0.771269722222222,0.7760825,0.711907744666377,14,0.546930690257252,0.698502160120735,"constrained",7,-0.151571469863483
3,4.32705857591189,0.285747222222222,0.2917872,0.290255939236111,0.0155335908913863,0.714252777777778,0.146498759012849,0.144461919408378,0.0868886111111112,0.285747222222222,0.800947222222222,0.801335555555556,0.700032279266211,14,0.434385243685814,0.569673056209017,"constrained",7,-0.135287812523203
4,5.27347178750376,0.273011388888889,0.2789052,0.277528143055556,0.0162749410453935,0.726988611111111,0.185896881731422,0.1827859015417,0.0992155555555555,0.273011388888889,0.824165833333333,0.8282425,0.687768683522858,17,0.301308635327023,0.451211158882067,"constrained",7,-0.149902523555044
5,6.00036821155147,0.265340763888889,0.269228,0.267921441666667,0.00963221816710197,0.734659236111111,0.208216352946199,0.212621260185228,0.108327013888889,0.265340763888889,0.842094722222222,0.843877777777778,0.680587645840716,13,0.367837741556631,0.379355350049562,"constrained",7,-0.0115176084929305
6,6.53501766970057,0.255136111111111,0.260944,0.2597414375,0.0177304262008209,0.744863888888889,0.24449592911794,0.242811804820379,0.1218225,0.255136111111111,0.866048888888889,0.867323888888889,0.671263579102819,12,0.161715661057677,0.336535861791827,"constrained",7,-0.17482020073415
7,7.12187793105156,0.248270277777778,0.253792,0.252809743055556,0.0179560535243304,0.751729722222222,0.267571399921045,0.262573268379071,0.131225833333333,0.248270277777778,0.880174444444445,0.885736666666667,0.665132673644894,13,0.169970314853082,0.276186572774152,"constrained",7,-0.10621625792107
8,7.71577332885949,0.24003625,0.2457384,0.244909443055556,0.0198979385798945,0.75996375,0.290541822325972,0.288312740127324,0.137349305555556,0.24003625,0.893310833333333,0.901315277777778,0.657926118186558,19,0.0842334613476434,0.254891545860351,"constrained",7,-0.170658084512708
9,8.48630793374103,0.233366111111111,0.2387724,0.2380696375,0.0197569351483927,0.766633888888889,0.306132211526855,0.315498920309262,0.1468625,0.233366111111111,0.909202222222222,0.917790555555556,0.652201797033351,16,0.21323798216923,0.229814985072952,"constrained",7,-0.016577002903722
10,8.95493863372018,0.228469375,0.232936,0.232253044444444,0.0162911511170719,0.771530625,0.317261159448686,0.337202458672762,0.152408680555556,0.228469375,0.922251944444444,0.925626666666667,0.648062414891178,14,0.156119662011879,0.183331635146345,"constrained",7,-0.0272119731344664
11,9.36158154116992,0.224926944444444,0.2297612,0.229154569097222,0.0184487905671394,0.775073055555556,0.325623591393364,0.34876130506755,0.155828055555556,0.224926944444444,0.932075555555556,0.929726666666667,0.645100479775562,19,0.134426722304813,0.160481963091199,"constrained",7,-0.0260552407863857
12,9.77572213432426,0.220745,0.2234476,0.223078214236111,0.0104591756936049,0.779255,0.340956019669611,0.36237278322615,0.158632777777778,0.220745,0.938156666666667,0.937618888888889,0.641638488043067,16,0.0841060983908236,0.108878676350621,"constrained",7,-0.0247725779597978
0,1.46913620444631,0.316658333333333,0.3242912,0.322007779513889,0.0166127855315519,0.683341666666667,0.0241992786286208,0.031893622058937,0.0426422222222221,0.316658333333333,0.724984722222222,0.726983055555556,0.731698393922025,10,1,1.02132747306159,"constrained",8,-0.0213274730615898
1,2.3322361687631,0.301965347222222,0.3097808,0.307557857986111,0.0181836055190027,0.698034652777778,0.0722042073557139,0.0750095619554051,0.0545690972222223,0.301965347222222,0.754800555555555,0.750406944444444,0.71629681708535,16,0.47933666874016,0.893806111702216,"constrained",8,-0.414469442962057
2,3.36128661097641,0.289121666666667,0.2955692,0.293955048958333,0.016442589806824,0.710878333333333,0.0988667078020168,0.120619074526945,0.0686491666666667,0.289121666666667,0.789128888888889,0.769926111111111,0.703355238941497,14,0.434276093553899,0.835217994750278,"constrained",8,-0.400941901196379
3,4.51723094403932,0.273670416666667,0.2778768,0.276564753125,0.0104653121036908,0.726329583333333,0.151438941745948,0.166675046279435,0.0871365277777778,0.273670416666667,0.827754722222222,0.7991775,0.688392723459449,12,0.500485475552233,0.682895056650073,"constrained",8,-0.18240958109784
4,5.695829859113,0.265984861111111,0.271982,0.270614480208333,0.0171078025597822,0.734015138888889,0.174388917405621,0.19718264724173,0.0959145833333332,0.265984861111111,0.829495555555556,0.830363888888889,0.681184860515101,17,0.488394332197655,0.580987770830473,"constrained",8,-0.0925934386328187
5,6.48629663508955,0.256368333333333,0.2617404,0.260422701388889,0.0155684125613197,0.743631666666667,0.206846290143064,0.232921861149632,0.108208888888889,0.256368333333333,0.840859722222222,0.862821388888889,0.672375885014759,12,0.384576695914604,0.457541017953367,"constrained",8,-0.0729643220387635
6,7.08433686073698,0.248148680555556,0.2522412,0.251343046180556,0.0127091864029742,0.751851319444444,0.23587154546726,0.249143370058042,0.113235763888889,0.248148680555556,0.860284722222222,0.869889444444444,0.665025101464819,13,0.331953478172002,0.378709362146066,"constrained",8,-0.0467558839740635
7,7.82861364182065,0.240161319444444,0.2443084,0.243489271527778,0.0136677565399579,0.759838680555556,0.255838510770167,0.276168694387912,0.119643680555556,0.240161319444444,0.865715555555555,0.893249166666667,0.658034412823555,16,0.210533982273872,0.313057123096629,"constrained",8,-0.102523140822757
8,8.52615662945522,0.233882361111111,0.2383608,0.237478696875,0.0151438247354954,0.766117638888889,0.273018241239071,0.305209838590357,0.126839861111111,0.233882361111111,0.885504444444444,0.900410555555555,0.652641284601092,22,0.155759941078689,0.249856767287336,"constrained",8,-0.0940968262086472
9,8.83611221933808,0.231138819444444,0.2354656,0.234696511111111,0.0151586900453852,0.768861180555556,0.281513841952717,0.316325170558758,0.132849791666667,0.231138819444444,0.896407222222222,0.907014722222222,0.650312452553158,12,0.321093108164283,0.234581243720574,"constrained",8,0.0865118644437089
10,9.21195565904035,0.227114305555556,0.2307048,0.229973267013889,0.0124317121527028,0.772885694444444,0.288831941148864,0.333820906885198,0.136126527777778,0.227114305555556,0.904831666666667,0.913192777777778,0.646926193089139,11,0.187288224593017,0.196154330515732,"constrained",8,-0.00886610592271439
11,9.7022400370839,0.22163,0.2260956,0.225375245486111,0.0166178209946394,0.77837,0.300659401150783,0.362318806682261,0.142620833333333,0.22163,0.915608055555556,0.926373611111111,0.642368025489163,16,0.148398550050462,0.166647663497307,"constrained",8,-0.0182491134468454
12,10.0985795387205,0.215550416666667,0.2196724,0.219042867013889,0.0159441409566686,0.784449583333333,0.320024937774067,0.391333906461825,0.152939583333333,0.215550416666667,0.936288888888889,0.938489444444444,0.637389592171581,18,0.102287402632964,0.128163633759272,"constrained",8,-0.0258762311263079
