key,quantity,value,units,context
Thomsen2026,fraction_of_full_factorial,0.0167,proportion,"Operational winter oilseed rape sparse factorial: 4,000 hybrids over 61 unreplicated METs, 31 environments"
Thomsen2026,hybrids_per_MET,72,hybrids,Each MET contained 72 hybrids plus 3 common checks
Thomsen2026,mother_lines_per_MET,12.4,"lines (mean, range 2-40)",Average number of seed-parent lines represented per MET
Thomsen2026,father_lines_per_MET,34.4,"lines (mean, range 15-61)",Average number of pollinator lines represented per MET
Thomsen2026,hybrids_per_mother_line,26.3,hybrids,Mean number of hybrids per seed-parent line in the realised design
Thomsen2026,prediction_accuracy_at_50pct_omission,0.63 / 0.84 / 0.80,correlation,"GCA+SCA model, scheme P2, yield / oil / protein at 50% omission rate"
Lorenzi2022,n_hybrids_phenotyped,363,hybrids,"Sparse factorial training design, maize dent x flint, 90 lines from six segregating families"
Lorenzi2022,n_hybrids_validation,951,hybrids,Independent factorial design used as validation set
Lorenzi2022,n_environments,8,environments,Silage trials used to evaluate the factorial and tester designs
Lorenzi2024,hybrids_per_line,4,hybrids per line,"G0_F-4H design: 363 hybrids, on average four hybrids per line"
Lorenzi2024,hybrids_per_line,1,hybrids per line,"(G0S+G1)_F-1H design: 489 hybrids, on average one hybrid per line"
Lorenzi2024,SCA_share_of_genetic_variance,0-30,percent,"Range across traits and cycles; 0% (DMC) to 30% (MFU) for G0S, 0% (DMY) to 10% (DMC) for G1"
Lorenzi2024,SCA_share_threshold_for_modelling,23,percent,SCA modelling mattered where SCA explained about 23% of genetic variance
Guo2019,training_set_size_fraction,2-13,percent of all hybrids,"Designed training sets sufficient for effective hybrid genomic prediction in maize, wheat and rice"
Guo2019,n_hybrids_phenotyped,276,hybrids,"Maize hybrids from NAM founder inbreds; validated on 2,556 wheat and 1,439 rice hybrids"
GonzalezDieguez2026,n_testers,3-5,testers,Sparse testcrossing allocated across full-sib families; 60 biparental crosses from 40 inbred lines
Melchinger2023,full_factorial_size,16095,hybrids,Complete factorial n_F x n_M used as the simulation reference set
Melchinger2023,SCA_share_scenarios,"1, 6, 22",percent of genetic variance,Three tau_SCA levels crossed with h2 = 0.4 and 0.8
Melchinger2023,accuracy_H0_c1_low_h2,0.50-0.65,correlation,"Both parents untested, one cross per line, h2 = 0.4, tau_SCA 22% vs 1%"
Melchinger2023,accuracy_H0_c1_high_h2,0.70-0.85,correlation,"Both parents untested, one cross per line, h2 = 0.8"
Technow2014,n_hybrids_phenotyped,1254,hybrids,Operational maize Dent x Flint programme
Technow2014,prediction_accuracy_grain_yield,0.75-0.92,correlation,Cross-validation with GBLUP and BayesB
Technow2014,prediction_accuracy_grain_moisture,0.59-0.95,correlation,Cross-validation with GBLUP and BayesB
GonzalezDieguez2021,accuracy_T2_T1_T0,0.92 / 0.88 / 0.80,correlation,"Grain yield, GCA model, Hohenheim dent x flint series; close to the 0.91/0.85/0.77 reported by Technow et al. (2014) at 300 training hybrids"
Technow2014,accuracy_T2_T1_T0,0.91 / 0.85 / 0.77,correlation,Grain yield with 300 hybrids in the training set; as reported by Technow et al. (2014) and quoted by Gonzalez-Dieguez et al. (2021)
Kadam2016b,prediction_accuracy_grain_yield,0.28-0.77,correlation,"312 maize single crosses, two locations; accuracy ordered T2 > T1F > T1M > T0"
Kadam2016b,prediction_accuracy_plant_height,0.53-0.91,correlation,"Same design, by T0/T1/T2 scenario"
Technow2019,T3_vs_T0_accuracy_gap,0.15 to 0.06,correlation points,Divergent heterotic groups: advantage of the better training design shrinks from T3 to T0
Technow2019,T3_vs_T0_accuracy_gap,0.09 to 0.01,correlation points,Convergent heterotic groups
Technow2019,full_factorial_size,1000000,hybrids,"Simulated 1,000 x 1,000 interpopulation factorial"
Albrecht2011,prediction_accuracy_across_families,0.47-0.48,correlation,"1,380 maize DH lines from 36 crosses, 7 locations; prediction across distantly related families"
Philipp2016,GCA_based_prediction_ability,0.56 / 0.48,correlation,Barley two-way / three-way hybrids
Philipp2016,genomic_prediction_ability,0.51 / 0.58,correlation,Barley two-way / three-way hybrids; does not require both parents evaluated in hybrid combination
Philipp2016,n_hybrids_phenotyped,793,hybrids,385 two-way plus 408 three-way hybrids in up to 47 environments
Liang2018,accuracy_grain_yield,0.48-0.51,correlation (median),"Pearl millet hybrids, hybrid-only training"
Liang2018,accuracy_gain_from_inbred_phenotypes,0.50 -> 0.52,correlation,Adding inbred-parent phenotypes to the grain-yield model
Massman2012,prediction_accuracy_grain_yield,0.87,correlation,"Maize single-cross data, BLUP"
Massman2012,prediction_accuracy_grain_moisture,0.9,correlation,"Maize single-cross data, BLUP"
Bernardo1996,correlation_predicted_observed_yield,0.426-0.762,correlation,Heterotic patterns with more than 100 tested single crosses
Bernardo1996,correlation_predicted_observed_moisture,0.754-0.933,correlation,Same analysis
Bernardo1994,n_predictor_hybrids,10-30,hybrids,Random predictor subsets drawn from a 54-hybrid 6 x 9 factorial
Giraud2017,SCA_share_of_hybrid_variance,20,percent,Reciprocal NC II between dent and flint multiparental populations (802 and 822 lines)
Giraud2017,GCA_QTL_with_SCA_effects,31 (41 for dry matter yield),percent,Share of GCA QTL that also showed mild SCA effects
Giraud2017,GCA_QTL_segregating_in_one_group_only,80,percent,Pool-specific segregation of GCA QTL
Smith1986,line_per_se_testcross_correlation,<0.5,correlation,Theory and simulation for many loci with complete dominance; a high-performing tester lowers it further
Lian2015,correlation_observed_predicted_VG,0.18 / 0.49 / 0.52,correlation,"Yield / moisture / test weight, genomewide marker model in biparental maize populations"
Lian2015,bias_in_VG_marker_model,-28 to -60,percent,Downward bias of marker-based within-cross variance predictions
Lian2015,bias_in_VG_mean_variance_model,-1 to 5,percent,Mean-variance model
Atanda2021,plot_level_heritability,0.19-0.35,h2,"Within management (well-watered, water-stressed), CIMMYT maize early yield testing"
Atanda2021,genetic_correlation_between_managements,0.37-0.68,correlation,Well-watered vs water-stressed; limits how sparsely entries can be spread across managements
Lehermeier2017,gain_from_usefulness_criterion,0.14,genetic standard deviations,"Selecting 1% of progenies per cross, relative to selection on mean GEBV"
Gorjanc2018,long_term_gain_advantage_OCS,15-78,percent,"Optimal cross selection vs truncation selection, four cycles per year"
Gorjanc2018,efficiency_advantage_OCS,2-4,fold,Conversion of genetic diversity into genetic gain
Gorjanc2018,n_crosses_per_cycle,64,crosses,"From 32-128 parents, producing 640 selection candidates"
Lorenz2013,accuracy_difference_n500r1_vs_n125r4,4,percent,Training-set size vs replication trade-off in a biparental DH population
Lorenz2013,accuracy_gain_r1_to_r2,0.09,correlation points,Effect of raising replication from one to two
Gaynor2017,gain_multiplier_two_part_vs_conventional,2.36-2.47,fold,40-year simulation at equal annual operating cost
Gaynor2017,gain_multiplier_two_part_vs_best_standard_GS,1.31-1.46,fold,Same simulation
Hickey2014,markers_needed_related_training,200-500,markers,"Training populations closely related to selection candidates; about 1,000 phenotypes"
Hickey2014,markers_needed_unrelated_training,10000,markers,"Unrelated training populations; 5,000-20,000 phenotypes"
Endelman2014,gain_advantage_GS_over_PS,5,percent,At a genotyping cost of 0.25 yield-plot units
Longin2015,accuracy_threshold_for_GS_only_hybrid,0.5,correlation,Minimum prediction accuracy for a genomic-selection-only wheat hybrid strategy to pay off
Longin2015,accuracy_threshold_for_GS_only_line,0.65,correlation,"Same study, line breeding"
Longin2006b,budget_range,200-5000,field-plot equivalents,Optimum allocation for one- vs two-stage selection on testcross performance with DH lines
Longin2006b,prob_correct_selection_threshold,75 (only for best 5% of candidates),percent,P(k) under the budgets examined
Chaingeni2025,gain_per_cycle_improvement,42.8,percent,DH + 2-2-1 tester plan + higher selection intensity vs current 4-1-1 pedigree scheme
Chaingeni2025,gain_per_year_improvement,161.8,percent,Same comparison
Chaingeni2025,gain_per_dollar_improvement,43.1,percent,Same comparison
Chaingeni2025,cost_per_unit_gain_reduction,28.5,percent,Same comparison
Atanda2022,overlap_lines_across_environments,28 / 58 / 88 / 112 / 142,lines,Corresponding to 10/20/30/40/50% overlap of a 280-line wheat dataset across six selection environments
Montesinoslopez2023,training_plots_fraction,50,percent,Balanced incomplete block design training set (20 of 40 plots in the worked example)
Lopezcruz2022,accuracy_improvement_sparse_kernel,3-19,percent,Enlarging and optimising wheat training sets (about 0.05 correlation points at the largest)
FritscheNeto2021,top5pct_retained_after_30pct_preselection,85-95,percent,Field pre-selection of the best 30% of single crosses using additive + non-additive genomic prediction
FritscheNeto2021,training_set_sizes,32 / 152 / 272 / 393,hybrids,"NC II, testcross and optimised training sets compared in a small-scale tropical maize programme"
FritscheNeto2023,hybrid_performance_gain_after_20_cycles,56,percent,"Genomic selection at the largest programme size vs phenotypic selection at the smallest, hybrid rice"
FritscheNeto2023,in_silico_single_crosses,73536,crosses,Simulated candidate single crosses
FritscheNeto2023,initial_training_set,384,hybrids,First genomic-selection training set after burn-in
Burdo2021,selection_coincidence_testcross_vs_singlecross,48 (SS) / 11 (IO),percent,"Top 25 lines, phenotypic selection"
Burdo2021,selection_coincidence_with_genomic_prediction,56 / 56,percent,Same comparison with genomic prediction
Xu2018,n_hybrids_phenotyped,575,hybrids,"115 inbred lines x 5 male steriles, NC Design II"
Xu2018,candidate_hybrid_space,362760,hybrids,Predicted from the 575-hybrid training set
Xu2018,yield_gain_top100_predicted,35.5,percent,"Grain yield per plant, selecting the top 100 predicted hybrids"
Zhao2015,n_hybrids_phenotyped,1604,hybrids,Wheat; 135 parental lines
Longin2013,midparent_heterosis_grain_yield,10.7,percent,Hybrid wheat quantitative-genetic parameter study
Boeven2016,n_varieties_screened,1110,varieties,Global winter wheat panel from 35 countries used to define candidate heterotic groups
