"budget_plots","scenario","method","n_crosses","acc_mean","acc_se"
1000,"tester k=1","blup",399,0.52220658611678,0.0053969582642916
2000,"tester k=1","blup",399,0.551091763561067,0.00603534012555234
3000,"tester k=1","blup",399,0.555198225295634,0.00555770628960051
1000,"tester k=1","ls",399,0.516485901541243,0.00563237539563936
2000,"tester k=1","ls",399,0.550323411587142,0.00600815182426311
3000,"tester k=1","ls",399,0.554003784852623,0.00556060879302224
1000,"circulant c=2","blup",400,0.607779706565359,0.00677040373017886
2000,"circulant c=2","blup",400,0.636739184386519,0.00512550240388209
3000,"circulant c=2","blup",400,0.636565709428049,0.00538446328970475
1000,"random sparse c=2","blup",400,0.569814965689389,0.00737017255379625
2000,"random sparse c=2","blup",400,0.600186162434044,0.00594064669059913
3000,"random sparse c=2","blup",400,0.591224417223124,0.00670451414206595
1000,"circulant c=2","ls",400,0.108965760970337,0.0120199330118234
2000,"circulant c=2","ls",400,0.145036757255582,0.00771749091051973
3000,"circulant c=2","ls",400,0.129045504591705,0.013122927590019
1000,"random sparse c=2","ls",400,0.385405640757802,0.00984525158028942
2000,"random sparse c=2","ls",400,0.419715104764609,0.00735868305415294
3000,"random sparse c=2","ls",400,0.415513414902843,0.00789999968636781
1000,"circulant c=3","blup",600,0.62786171245774,0.0046718682532509
2000,"circulant c=3","blup",600,0.710254337798874,0.00560989515189414
3000,"circulant c=3","blup",600,0.706953669989899,0.00403073890299738
1000,"circulant c=3","ls",600,0.186521277730285,0.0120131101288404
2000,"circulant c=3","ls",600,0.218672441257529,0.0145570983672206
3000,"circulant c=3","ls",600,0.244953125605313,0.0122153396235567
1000,"tester k=2","blup",796,0.54236284462004,0.00471287292532912
2000,"tester k=2","blup",796,0.65798035603085,0.0048709876345238
3000,"tester k=2","blup",796,0.68867946984334,0.00494845969858541
1000,"tester k=2","ls",796,0.531685126108646,0.00496638513456988
2000,"tester k=2","ls",796,0.654012802688866,0.0047848836720213
3000,"tester k=2","ls",796,0.687460264103226,0.00507309873701967
1000,"circulant c=5","blup",1000,0.657315882690479,0.00562789350963555
2000,"circulant c=5","blup",1000,0.756654695469117,0.00408175776468499
3000,"circulant c=5","blup",1000,0.807128080750911,0.00387358871245769
1000,"random sparse c=5","blup",1000,0.637395638332204,0.00710555744284713
2000,"random sparse c=5","blup",1000,0.749226028509031,0.00495734214768224
3000,"random sparse c=5","blup",1000,0.789321670121191,0.00334782675350456
1000,"circulant c=5","ls",1000,0.402742912316198,0.0153476762740297
2000,"circulant c=5","ls",1000,0.506124571130517,0.0218147323196091
3000,"circulant c=5","ls",1000,0.573211307770621,0.0186271622506514
1000,"random sparse c=5","ls",1000,0.569457000226682,0.00925381394423004
2000,"random sparse c=5","ls",1000,0.697267494954106,0.0071033815362802
3000,"random sparse c=5","ls",1000,0.750088203713123,0.00386259605793432
2000,"tester k=4","blup",1584,0.677198161743682,0.0040894375249839
3000,"tester k=4","blup",1584,0.744233938276575,0.00378757167529953
2000,"tester k=4","ls",1584,0.671025670667146,0.00388504044144642
3000,"tester k=4","ls",1584,0.741729946322204,0.00377475211722467
2000,"circulant c=10","blup",2000,0.775799613464139,0.00372127478128025
3000,"circulant c=10","blup",2000,0.824409029760725,0.00325248446354259
2000,"NC II 10x10 sets","blup",2000,0.779706528063318,0.00368865458010034
3000,"NC II 10x10 sets","blup",2000,0.81998810655317,0.00333159250142665
2000,"random sparse c=10","blup",2000,0.774808766340018,0.00349489954882645
3000,"random sparse c=10","blup",2000,0.820469260800499,0.00296077086815451
2000,"circulant c=10","ls",2000,0.614802025465268,0.0158417272041137
3000,"circulant c=10","ls",2000,0.664893009281938,0.0164812752039728
2000,"NC II 10x10 sets","ls",2000,0.755752728525274,0.00401281885711869
3000,"NC II 10x10 sets","ls",2000,0.793659562715943,0.00362506833034483
2000,"random sparse c=10","ls",2000,0.759879732486443,0.00327165021086407
3000,"random sparse c=10","ls",2000,0.808562733317964,0.00301371059481974
