"evals","secs","best","method"
300,0.00200000000006639,1.31908729846236,"hill"
600,0.0040000000000191,1.35424349413502,"hill"
900,0.00599999999997181,1.37122014968147,"hill"
1200,0.00900000000001455,1.44080930067559,"hill"
1500,0.0109999999999673,1.45963498993222,"hill"
1800,0.0130000000000337,1.48480758663636,"hill"
2100,0.0149999999999864,1.48487965410659,"hill"
2400,0.0170000000000528,1.49695018373929,"hill"
2700,0.0199999999999818,1.49968558712131,"hill"
3000,0.0220000000000482,1.49968558712131,"hill"
3300,0.0240000000000009,1.49968558712131,"hill"
3600,0.0260000000000673,1.49968558712131,"hill"
3900,0.02800000000002,1.49968558712131,"hill"
4200,0.0299999999999727,1.50036349156949,"hill"
4500,0.0310000000000628,1.50036349156949,"hill"
4800,0.0330000000000155,1.50036349156949,"hill"
5100,0.0360000000000582,1.50036349156949,"hill"
5400,0.0380000000000109,1.50036349156949,"hill"
5700,0.0399999999999636,1.50036349156949,"hill"
6000,0.04200000000003,1.50036349156949,"hill"
6300,0.0439999999999827,1.50036349156949,"hill"
6600,0.0460000000000491,1.50036349156949,"hill"
6900,0.0480000000000018,1.50036749661687,"hill"
7200,0.0500000000000682,1.50036749661687,"hill"
7500,0.0520000000000209,1.50036749661687,"hill"
7800,0.0539999999999736,1.50089109387766,"hill"
8100,0.05600000000004,1.50263978598444,"hill"
8400,0.0579999999999927,1.50996689238161,"hill"
8700,0.0600000000000591,1.50996689238161,"hill"
9000,0.0620000000000118,1.51311019704836,"hill"
9300,0.0639999999999645,1.51368248446846,"hill"
9600,0.0660000000000309,1.51465679295634,"hill"
9900,0.0679999999999836,1.51465679295634,"hill"
10200,0.07000000000005,1.51465679295634,"hill"
10500,0.0720000000000027,1.51554761627339,"hill"
10800,0.0740000000000691,1.51554761627339,"hill"
11100,0.0760000000000218,1.51554761627339,"hill"
11400,0.0779999999999745,1.51554761627339,"hill"
11700,0.0800000000000409,1.51554761627339,"hill"
12000,0.0819999999999936,1.51554761627339,"hill"
12300,0.08400000000006,1.51653257651471,"hill"
12600,0.0850000000000364,1.51653257651471,"hill"
12900,0.0869999999999891,1.51653257651471,"hill"
13200,0.0900000000000318,1.51699206516233,"hill"
13500,0.0919999999999845,1.51699206516233,"hill"
13800,0.0940000000000509,1.51699206516233,"hill"
14100,0.0960000000000036,1.51699206516233,"hill"
14400,0.0979999999999563,1.51699206516233,"hill"
14700,0.100000000000023,1.51818789325325,"hill"
15000,0.101999999999975,1.51818789325325,"hill"
15300,0.103000000000065,1.52278238535252,"hill"
15600,0.105999999999995,1.52278238535252,"hill"
15900,0.108000000000061,1.52278238535252,"hill"
16200,0.110000000000014,1.52278238535252,"hill"
16500,0.111999999999966,1.52278238535252,"hill"
16800,0.114000000000033,1.52278238535252,"hill"
17100,0.115999999999985,1.52278238535252,"hill"
17400,0.118000000000052,1.52278238535252,"hill"
17700,0.120000000000005,1.52278238535252,"hill"
18000,0.120999999999981,1.52417731936155,"hill"
18300,0.124000000000024,1.52417731936155,"hill"
18600,0.125999999999976,1.52417731936155,"hill"
18900,0.128000000000043,1.52417731936155,"hill"
19200,0.129999999999995,1.52463827285795,"hill"
19500,0.130999999999972,1.52463827285795,"hill"
19800,0.133000000000038,1.52463827285795,"hill"
20100,0.134999999999991,1.52463827285795,"hill"
20400,0.137000000000057,1.52463827285795,"hill"
20700,0.13900000000001,1.52463827285795,"hill"
21000,0.142000000000053,1.52463827285795,"hill"
21300,0.144000000000005,1.52463827285795,"hill"
21600,0.144999999999982,1.52463827285795,"hill"
21900,0.147000000000048,1.52463827285795,"hill"
22200,0.149000000000001,1.52463827285795,"hill"
22500,0.151000000000067,1.52463827285795,"hill"
22800,0.15300000000002,1.52463827285795,"hill"
23100,0.154999999999973,1.52463827285795,"hill"
23400,0.158000000000015,1.52463827285795,"hill"
23700,0.159999999999968,1.52463827285795,"hill"
24000,0.161000000000058,1.52463827285795,"hill"
24300,0.163000000000011,1.52463827285795,"hill"
24600,0.164999999999964,1.52463827285795,"hill"
24900,0.16700000000003,1.52627111054941,"hill"
25200,0.168999999999983,1.52627111054941,"hill"
25500,0.171000000000049,1.52627111054941,"hill"
25800,0.173000000000002,1.52627111054941,"hill"
26100,0.176000000000045,1.52627111054941,"hill"
26400,0.177000000000021,1.52627111054941,"hill"
26700,0.178999999999974,1.52627111054941,"hill"
27000,0.18100000000004,1.52627111054941,"hill"
27300,0.182999999999993,1.52627111054941,"hill"
27600,0.185000000000059,1.52627111054941,"hill"
27900,0.187000000000012,1.52627111054941,"hill"
28200,0.188999999999965,1.52627111054941,"hill"
28500,0.191000000000031,1.52627111054941,"hill"
28800,0.192999999999984,1.52627111054941,"hill"
29100,0.19500000000005,1.52627111054941,"hill"
29400,0.197000000000003,1.52627111054941,"hill"
29700,0.199000000000069,1.52627111054941,"hill"
30000,0.201000000000022,1.52627111054941,"hill"
30300,0.202999999999975,1.52627111054941,"hill"
30600,0.205000000000041,1.52627111054941,"hill"
30900,0.206000000000017,1.52627111054941,"hill"
31200,0.20900000000006,1.52627111054941,"hill"
31500,0.211000000000013,1.52627111054941,"hill"
31800,0.212999999999965,1.52627111054941,"hill"
32100,0.215000000000032,1.52627111054941,"hill"
32400,0.216999999999985,1.52627111054941,"hill"
32700,0.219000000000051,1.52627111054941,"hill"
33000,0.221000000000004,1.52627111054941,"hill"
33300,0.222999999999956,1.52627111054941,"hill"
33600,0.224000000000046,1.52627111054941,"hill"
33900,0.226999999999975,1.52627111054941,"hill"
34200,0.229000000000042,1.52627111054941,"hill"
34500,0.230999999999995,1.52627111054941,"hill"
34800,0.233000000000061,1.52627111054941,"hill"
35100,0.235000000000014,1.52627111054941,"hill"
35400,0.236999999999966,1.52627111054941,"hill"
35700,0.239000000000033,1.52627111054941,"hill"
36000,0.240999999999985,1.52627111054941,"hill"
36300,0.243000000000052,1.52627111054941,"hill"
36600,0.245999999999981,1.52627111054941,"hill"
36900,0.246999999999957,1.52627111054941,"hill"
37200,0.25,1.52627111054941,"hill"
37500,0.250999999999976,1.52627111054941,"hill"
37800,0.253000000000043,1.52627111054941,"hill"
38100,0.254999999999995,1.52627111054941,"hill"
38400,0.257000000000062,1.52627111054941,"hill"
38700,0.259000000000015,1.52627111054941,"hill"
39000,0.262000000000057,1.52627111054941,"hill"
39300,0.26400000000001,1.52627111054941,"hill"
39600,0.264999999999986,1.52627111054941,"hill"
39900,0.267000000000053,1.52627111054941,"hill"
40200,0.269000000000005,1.52627111054941,"hill"
40500,0.270999999999958,1.52627111054941,"hill"
40800,0.273000000000025,1.52627111054941,"hill"
41100,0.274999999999977,1.52627111054941,"hill"
41400,0.277000000000044,1.52627111054941,"hill"
41700,0.279999999999973,1.52627111054941,"hill"
42000,0.281000000000063,1.52627111054941,"hill"
42300,0.283000000000015,1.52627111054941,"hill"
42600,0.284999999999968,1.52627111054941,"hill"
42900,0.287000000000035,1.52627111054941,"hill"
43200,0.288999999999987,1.52627111054941,"hill"
43500,0.291000000000054,1.52627111054941,"hill"
43800,0.293000000000006,1.52627111054941,"hill"
44100,0.294999999999959,1.52627111054941,"hill"
44400,0.298000000000002,1.52627111054941,"hill"
44700,0.300000000000068,1.52627111054941,"hill"
45000,0.302000000000021,1.52627111054941,"hill"
45300,0.302999999999997,1.52627111054941,"hill"
45600,0.305000000000064,1.52627111054941,"hill"
45900,0.307000000000016,1.52627111054941,"hill"
46200,0.308999999999969,1.52627111054941,"hill"
46500,0.311000000000035,1.52627111054941,"hill"
46800,0.313999999999965,1.52627111054941,"hill"
47100,0.316000000000031,1.52627111054941,"hill"
47400,0.317999999999984,1.52627111054941,"hill"
47700,0.32000000000005,1.52627111054941,"hill"
48000,0.322000000000003,1.52627111054941,"hill"
48300,0.322999999999979,1.52627111054941,"hill"
48600,0.325000000000045,1.52627111054941,"hill"
48900,0.326999999999998,1.52627111054941,"hill"
49200,0.329000000000065,1.52627111054941,"hill"
49500,0.331999999999994,1.52627111054941,"hill"
49800,0.33400000000006,1.52627111054941,"hill"
50100,0.336000000000013,1.52627111054941,"hill"
50400,0.337999999999965,1.52627111054941,"hill"
50700,0.340000000000032,1.52627111054941,"hill"
51000,0.341000000000008,1.52627111054941,"hill"
51300,0.342999999999961,1.52627111054941,"hill"
51600,0.345000000000027,1.52627111054941,"hill"
51900,0.34699999999998,1.52627111054941,"hill"
52200,0.350000000000023,1.52627111054941,"hill"
52500,0.351999999999975,1.52627111054941,"hill"
52800,0.354000000000042,1.52627111054941,"hill"
53100,0.355999999999995,1.52627111054941,"hill"
53400,0.358000000000061,1.52627111054941,"hill"
53700,0.360000000000014,1.52627111054941,"hill"
54000,0.361999999999966,1.52627111054941,"hill"
54300,0.363000000000056,1.52627111054941,"hill"
54600,0.365999999999985,1.52627111054941,"hill"
54900,0.368000000000052,1.52627111054941,"hill"
55200,0.370000000000005,1.52627111054941,"hill"
55500,0.371999999999957,1.52627111054941,"hill"
55800,0.373000000000047,1.52627111054941,"hill"
56100,0.375,1.52627111054941,"hill"
56400,0.377000000000066,1.52627111054941,"hill"
56700,0.379000000000019,1.52627111054941,"hill"
57000,0.380999999999972,1.52627111054941,"hill"
57300,0.384000000000015,1.52627111054941,"hill"
57600,0.385999999999967,1.52627111054941,"hill"
57900,0.388000000000034,1.52627111054941,"hill"
58200,0.38900000000001,1.52627111054941,"hill"
58500,0.390999999999963,1.52627111054941,"hill"
58800,0.393000000000029,1.52627111054941,"hill"
59100,0.394999999999982,1.52627111054941,"hill"
59400,0.397000000000048,1.52627111054941,"hill"
59700,0.399000000000001,1.52627111054941,"hill"
60000,0.402000000000044,1.52627111054941,"hill"
300,0.00299999999992906,0.898260732080147,"anneal"
600,0.00499999999999545,0.898260732080147,"anneal"
900,0.00699999999994816,0.912644206675925,"anneal"
1200,0.00900000000001455,0.99761759672267,"anneal"
1500,0.0109999999999673,1.04683551894842,"anneal"
1800,0.0149999999999864,1.13017512069849,"anneal"
2100,0.0169999999999391,1.18977983792727,"anneal"
2400,0.0190000000000055,1.18977983792727,"anneal"
2700,0.0209999999999582,1.18977983792727,"anneal"
3000,0.0230000000000246,1.18977983792727,"anneal"
3300,0.0249999999999773,1.3021991685799,"anneal"
3600,0.02699999999993,1.3021991685799,"anneal"
3900,0.0289999999999964,1.3021991685799,"anneal"
4200,0.0319999999999254,1.3021991685799,"anneal"
4500,0.0339999999999918,1.3021991685799,"anneal"
4800,0.0359999999999445,1.3021991685799,"anneal"
5100,0.0380000000000109,1.36629395739906,"anneal"
5400,0.0399999999999636,1.37672506866405,"anneal"
5700,0.04200000000003,1.39475646956281,"anneal"
6000,0.0449999999999591,1.39475646956281,"anneal"
6300,0.0470000000000255,1.39475646956281,"anneal"
6600,0.0489999999999782,1.39475646956281,"anneal"
6900,0.0509999999999309,1.39475646956281,"anneal"
7200,0.0529999999999973,1.39475646956281,"anneal"
7500,0.05499999999995,1.39475646956281,"anneal"
7800,0.0570000000000164,1.39475646956281,"anneal"
8100,0.0599999999999454,1.39475646956281,"anneal"
8400,0.0620000000000118,1.39475646956281,"anneal"
8700,0.0639999999999645,1.39475646956281,"anneal"
9000,0.0659999999999172,1.39475646956281,"anneal"
9300,0.06899999999996,1.39475646956281,"anneal"
9600,0.0710000000000264,1.39475646956281,"anneal"
9900,0.0729999999999791,1.40705082712311,"anneal"
10200,0.0749999999999318,1.40705082712311,"anneal"
10500,0.0769999999999982,1.41220656296017,"anneal"
10800,0.0789999999999509,1.41891892704682,"anneal"
11100,0.0810000000000173,1.43379341458018,"anneal"
11400,0.08299999999997,1.43379341458018,"anneal"
11700,0.0849999999999227,1.43379341458018,"anneal"
12000,0.0879999999999654,1.43379341458018,"anneal"
12300,0.0899999999999181,1.43379341458018,"anneal"
12600,0.0919999999999845,1.43941376026789,"anneal"
12900,0.0939999999999372,1.43941376026789,"anneal"
13200,0.0989999999999327,1.43941376026789,"anneal"
13500,0.100999999999999,1.45379651305353,"anneal"
13800,0.102999999999952,1.45379651305353,"anneal"
14100,0.105000000000018,1.45379651305353,"anneal"
14400,0.106999999999971,1.45379651305353,"anneal"
14700,0.108999999999924,1.4716650339769,"anneal"
15000,0.11099999999999,1.48351013876627,"anneal"
15300,0.112999999999943,1.48351013876627,"anneal"
15600,0.115999999999985,1.48351013876627,"anneal"
15900,0.117999999999938,1.48351013876627,"anneal"
16200,0.120000000000005,1.48351013876627,"anneal"
16500,0.121999999999957,1.48351013876627,"anneal"
16800,0.124000000000024,1.48351013876627,"anneal"
17100,0.125999999999976,1.48351013876627,"anneal"
17400,0.129000000000019,1.48351013876627,"anneal"
17700,0.130999999999972,1.48351013876627,"anneal"
18000,0.132999999999925,1.48351013876627,"anneal"
18300,0.134999999999991,1.48351013876627,"anneal"
18600,0.136999999999944,1.4837623761015,"anneal"
18900,0.139999999999986,1.4837623761015,"anneal"
19200,0.141999999999939,1.4837623761015,"anneal"
19500,0.144000000000005,1.4837623761015,"anneal"
19800,0.145999999999958,1.4837623761015,"anneal"
20100,0.148000000000025,1.4959798367756,"anneal"
20400,0.149999999999977,1.4960656672278,"anneal"
20700,0.15199999999993,1.4960656672278,"anneal"
21000,0.153999999999996,1.49892587061063,"anneal"
21300,0.155999999999949,1.49892587061063,"anneal"
21600,0.158000000000015,1.49892587061063,"anneal"
21900,0.159999999999968,1.49892587061063,"anneal"
22200,0.161999999999921,1.49892587061063,"anneal"
22500,0.164999999999964,1.50349076736851,"anneal"
22800,0.16700000000003,1.51120650433724,"anneal"
23100,0.168999999999983,1.51120650433724,"anneal"
23400,0.170999999999935,1.51120650433724,"anneal"
23700,0.173000000000002,1.51120650433724,"anneal"
24000,0.174999999999955,1.51120650433724,"anneal"
24300,0.177000000000021,1.51120650433724,"anneal"
24600,0.178999999999974,1.51120650433724,"anneal"
24900,0.182000000000016,1.51120650433724,"anneal"
25200,0.183999999999969,1.51120650433724,"anneal"
25500,0.185999999999922,1.51281532108167,"anneal"
25800,0.187999999999988,1.51281532108167,"anneal"
26100,0.189999999999941,1.5141344545876,"anneal"
26400,0.192000000000007,1.5141344545876,"anneal"
26700,0.19399999999996,1.5141344545876,"anneal"
27000,0.197000000000003,1.5141344545876,"anneal"
27300,0.198999999999955,1.5141344545876,"anneal"
27600,0.201000000000022,1.5141344545876,"anneal"
27900,0.202999999999975,1.5141344545876,"anneal"
28200,0.204999999999927,1.5141344545876,"anneal"
28500,0.206999999999994,1.5141344545876,"anneal"
28800,0.208999999999946,1.5141344545876,"anneal"
29100,0.211000000000013,1.5141344545876,"anneal"
29400,0.213999999999942,1.5141344545876,"anneal"
29700,0.216000000000008,1.5141344545876,"anneal"
30000,0.217999999999961,1.5141344545876,"anneal"
30300,0.220000000000027,1.52119096143985,"anneal"
30600,0.22199999999998,1.52468069132534,"anneal"
30900,0.223999999999933,1.52468069132534,"anneal"
31200,0.225999999999999,1.52468069132534,"anneal"
31500,0.228999999999928,1.52468069132534,"anneal"
31800,0.230999999999995,1.52468069132534,"anneal"
32100,0.232999999999947,1.52468069132534,"anneal"
32400,0.235000000000014,1.52468069132534,"anneal"
32700,0.236999999999966,1.52578367128056,"anneal"
33000,0.238999999999919,1.52578367128056,"anneal"
33300,0.240999999999985,1.52578367128056,"anneal"
33600,0.242999999999938,1.52578367128056,"anneal"
33900,0.245999999999981,1.52578367128056,"anneal"
34200,0.247999999999934,1.52578367128056,"anneal"
34500,0.25,1.52578367128056,"anneal"
34800,0.251999999999953,1.52578367128056,"anneal"
35100,0.254000000000019,1.52578367128056,"anneal"
35400,0.255999999999972,1.52578367128056,"anneal"
35700,0.257999999999925,1.52578367128056,"anneal"
36000,0.259999999999991,1.52578367128056,"anneal"
36300,0.261999999999944,1.52578367128056,"anneal"
36600,0.26400000000001,1.52578367128056,"anneal"
36900,0.265999999999963,1.52578367128056,"anneal"
37200,0.269000000000005,1.52578367128056,"anneal"
37500,0.270999999999958,1.52578367128056,"anneal"
37800,0.273000000000025,1.52578367128056,"anneal"
38100,0.274999999999977,1.52578367128056,"anneal"
38400,0.27699999999993,1.52578367128056,"anneal"
38700,0.278999999999996,1.52578367128056,"anneal"
39000,0.280999999999949,1.52578367128056,"anneal"
39300,0.283000000000015,1.52578367128056,"anneal"
39600,0.284999999999968,1.52587492719833,"anneal"
39900,0.286999999999921,1.52587492719833,"anneal"
40200,0.288999999999987,1.52587492719833,"anneal"
40500,0.29099999999994,1.52587492719833,"anneal"
40800,0.293999999999983,1.52587492719833,"anneal"
41100,0.295999999999935,1.52587492719833,"anneal"
41400,0.298000000000002,1.52587492719833,"anneal"
41700,0.299999999999955,1.52612743275136,"anneal"
42000,0.302000000000021,1.52612743275136,"anneal"
42300,0.303999999999974,1.52612743275136,"anneal"
42600,0.307000000000016,1.52612743275136,"anneal"
42900,0.308999999999969,1.52612743275136,"anneal"
43200,0.312000000000012,1.52612743275136,"anneal"
43500,0.313999999999965,1.52612743275136,"anneal"
43800,0.315999999999917,1.52693337385029,"anneal"
44100,0.317999999999984,1.52693337385029,"anneal"
44400,0.319999999999936,1.52693337385029,"anneal"
44700,0.322000000000003,1.52693337385029,"anneal"
45000,0.323999999999955,1.52795748662057,"anneal"
45300,0.326999999999998,1.52795748662057,"anneal"
45600,0.328999999999951,1.52795748662057,"anneal"
45900,0.331000000000017,1.52795748662057,"anneal"
46200,0.33299999999997,1.52795748662057,"anneal"
46500,0.334999999999923,1.52795748662057,"anneal"
46800,0.336999999999989,1.52795748662057,"anneal"
47100,0.338999999999942,1.52795748662057,"anneal"
47400,0.341000000000008,1.52795748662057,"anneal"
47700,0.342999999999961,1.52795748662057,"anneal"
48000,0.345000000000027,1.52795748662057,"anneal"
48300,0.34699999999998,1.52795748662057,"anneal"
48600,0.348999999999933,1.52795748662057,"anneal"
48900,0.350999999999999,1.52795748662057,"anneal"
49200,0.353999999999928,1.52795748662057,"anneal"
49500,0.355000000000018,1.52795748662057,"anneal"
49800,0.357999999999947,1.52795748662057,"anneal"
50100,0.360000000000014,1.52795748662057,"anneal"
50400,0.361999999999966,1.52795748662057,"anneal"
50700,0.363999999999919,1.52795748662057,"anneal"
51000,0.365999999999985,1.52795748662057,"anneal"
51300,0.367999999999938,1.52795748662057,"anneal"
51600,0.370000000000005,1.52795748662057,"anneal"
51900,0.371999999999957,1.52795748662057,"anneal"
52200,0.375,1.52795748662057,"anneal"
52500,0.376999999999953,1.52795748662057,"anneal"
52800,0.379000000000019,1.52795748662057,"anneal"
53100,0.380999999999972,1.52795748662057,"anneal"
53400,0.382999999999925,1.52795748662057,"anneal"
53700,0.384999999999991,1.52795748662057,"anneal"
54000,0.386999999999944,1.52795748662057,"anneal"
54300,0.38900000000001,1.52795748662057,"anneal"
54600,0.391999999999939,1.52795748662057,"anneal"
54900,0.394000000000005,1.52795748662057,"anneal"
55200,0.395999999999958,1.52795748662057,"anneal"
55500,0.398000000000025,1.52795748662057,"anneal"
55800,0.399999999999977,1.52795748662057,"anneal"
56100,0.40199999999993,1.52795748662057,"anneal"
56400,0.403999999999996,1.52795748662057,"anneal"
56700,0.406999999999925,1.52795748662057,"anneal"
57000,0.408999999999992,1.52795748662057,"anneal"
57300,0.410999999999945,1.52795748662057,"anneal"
57600,0.413000000000011,1.52795748662057,"anneal"
57900,0.414999999999964,1.52795748662057,"anneal"
58200,0.41700000000003,1.52795748662057,"anneal"
58500,0.418999999999983,1.52795748662057,"anneal"
58800,0.420999999999935,1.52795748662057,"anneal"
59100,0.423000000000002,1.52795748662057,"anneal"
59400,0.424999999999955,1.52795748662057,"anneal"
59700,0.427000000000021,1.52795748662057,"anneal"
60000,0.428999999999974,1.52795748662057,"anneal"
400,0.00199999999995271,1.01972045310962,"tempering"
800,0.00499999999999545,1.1201167207394,"tempering"
1200,0.00900000000001455,1.21428958105565,"tempering"
1600,0.0109999999999673,1.31378225341073,"tempering"
2000,0.01400000000001,1.3593581782922,"tempering"
2400,0.0170000000000528,1.38084787314944,"tempering"
2800,0.0199999999999818,1.42245827311474,"tempering"
3200,0.0230000000000246,1.45246389617174,"tempering"
3600,0.0259999999999536,1.45656892084578,"tempering"
4000,0.0289999999999964,1.45656892084578,"tempering"
4400,0.0309999999999491,1.45656892084578,"tempering"
4800,0.0339999999999918,1.45656892084578,"tempering"
5200,0.0370000000000346,1.45656892084578,"tempering"
5600,0.0399999999999636,1.45656892084578,"tempering"
6000,0.0430000000000064,1.45656892084578,"tempering"
6400,0.0460000000000491,1.45656892084578,"tempering"
6800,0.0489999999999782,1.45656892084578,"tempering"
7200,0.0520000000000209,1.46452309913729,"tempering"
7600,0.0539999999999736,1.46452309913729,"tempering"
8000,0.0579999999999927,1.46452309913729,"tempering"
8400,0.0610000000000355,1.46452309913729,"tempering"
8800,0.0629999999999882,1.46452309913729,"tempering"
9200,0.0660000000000309,1.46664864202581,"tempering"
9600,0.06899999999996,1.46664864202581,"tempering"
10000,0.0710000000000264,1.47161002455041,"tempering"
10400,0.0750000000000455,1.47560534119807,"tempering"
10800,0.0779999999999745,1.47560534119807,"tempering"
11200,0.0800000000000409,1.48482806897882,"tempering"
11600,0.08299999999997,1.48640238044752,"tempering"
12000,0.0860000000000127,1.48640238044752,"tempering"
12400,0.0890000000000555,1.48640238044752,"tempering"
12800,0.0919999999999845,1.48640238044752,"tempering"
13200,0.0940000000000509,1.487669499829,"tempering"
13600,0.09699999999998,1.487669499829,"tempering"
14000,0.100000000000023,1.487669499829,"tempering"
14400,0.102999999999952,1.487669499829,"tempering"
14800,0.105999999999995,1.487669499829,"tempering"
15200,0.109000000000037,1.487669499829,"tempering"
15600,0.11099999999999,1.49071566637164,"tempering"
16000,0.114000000000033,1.49381878770655,"tempering"
16400,0.116999999999962,1.49381878770655,"tempering"
16800,0.120000000000005,1.49381878770655,"tempering"
17200,0.123000000000047,1.49381878770655,"tempering"
17600,0.125999999999976,1.49381878770655,"tempering"
18000,0.128000000000043,1.49381878770655,"tempering"
18400,0.130999999999972,1.49955368484109,"tempering"
18800,0.134000000000015,1.49955368484109,"tempering"
19200,0.137000000000057,1.49955368484109,"tempering"
19600,0.139999999999986,1.49955368484109,"tempering"
20000,0.143000000000029,1.50350969191764,"tempering"
20400,0.144999999999982,1.50350969191764,"tempering"
20800,0.148000000000025,1.50350969191764,"tempering"
21200,0.150999999999954,1.50350969191764,"tempering"
21600,0.153999999999996,1.50350969191764,"tempering"
22000,0.157000000000039,1.50350969191764,"tempering"
22400,0.158999999999992,1.50350969191764,"tempering"
22800,0.162000000000035,1.50372021927533,"tempering"
23200,0.164999999999964,1.50424552915603,"tempering"
23600,0.168000000000006,1.50424552915603,"tempering"
24000,0.171000000000049,1.50592503199647,"tempering"
24400,0.173999999999978,1.50592503199647,"tempering"
24800,0.176000000000045,1.50619339292491,"tempering"
25200,0.178999999999974,1.50619339292491,"tempering"
25600,0.182000000000016,1.50619339292491,"tempering"
26000,0.185000000000059,1.50619339292491,"tempering"
26400,0.187999999999988,1.50831782967927,"tempering"
26800,0.191000000000031,1.50831782967927,"tempering"
27200,0.192999999999984,1.50880272828954,"tempering"
27600,0.196000000000026,1.50880272828954,"tempering"
28000,0.198999999999955,1.50880272828954,"tempering"
28400,0.201999999999998,1.50880272828954,"tempering"
28800,0.205000000000041,1.50880272828954,"tempering"
29200,0.20799999999997,1.50880272828954,"tempering"
29600,0.210000000000036,1.50880272828954,"tempering"
30000,0.212999999999965,1.50880272828954,"tempering"
30400,0.216000000000008,1.5088250697581,"tempering"
30800,0.219000000000051,1.509633080179,"tempering"
31200,0.22199999999998,1.509633080179,"tempering"
31600,0.224000000000046,1.51240668695922,"tempering"
32000,0.226999999999975,1.51240668695922,"tempering"
32400,0.230000000000018,1.51240668695922,"tempering"
32800,0.233000000000061,1.51240668695922,"tempering"
33200,0.23599999999999,1.51240668695922,"tempering"
33600,0.239000000000033,1.51466501311188,"tempering"
34000,0.241999999999962,1.51466501311188,"tempering"
34400,0.244000000000028,1.51466501311188,"tempering"
34800,0.246999999999957,1.51466501311188,"tempering"
35200,0.25,1.51466501311188,"tempering"
35600,0.253000000000043,1.51466501311188,"tempering"
36000,0.255999999999972,1.51466501311188,"tempering"
36400,0.259000000000015,1.51466501311188,"tempering"
36800,0.260999999999967,1.51553212864754,"tempering"
37200,0.26400000000001,1.51553212864754,"tempering"
37600,0.267000000000053,1.51553212864754,"tempering"
38000,0.269999999999982,1.51553212864754,"tempering"
38400,0.273000000000025,1.51553212864754,"tempering"
38800,0.274999999999977,1.51553212864754,"tempering"
39200,0.27800000000002,1.51553212864754,"tempering"
39600,0.280999999999949,1.51553212864754,"tempering"
40000,0.283999999999992,1.51553212864754,"tempering"
40400,0.287000000000035,1.51553212864754,"tempering"
40800,0.289999999999964,1.51553212864754,"tempering"
41200,0.293000000000006,1.51601138996594,"tempering"
41600,0.296000000000049,1.51601138996594,"tempering"
42000,0.298000000000002,1.51601138996594,"tempering"
42400,0.302000000000021,1.51601138996594,"tempering"
42800,0.30499999999995,1.51601138996594,"tempering"
43200,0.307999999999993,1.51601138996594,"tempering"
43600,0.311000000000035,1.51668807698382,"tempering"
44000,0.312999999999988,1.51668807698382,"tempering"
44400,0.317000000000007,1.51668807698382,"tempering"
44800,0.32000000000005,1.51668807698382,"tempering"
45200,0.322000000000003,1.51668807698382,"tempering"
45600,0.325000000000045,1.51668807698382,"tempering"
46000,0.327999999999975,1.51668807698382,"tempering"
46400,0.331000000000017,1.51668807698382,"tempering"
46800,0.335000000000036,1.51668807698382,"tempering"
47200,0.337999999999965,1.51668807698382,"tempering"
47600,0.341000000000008,1.51668807698382,"tempering"
48000,0.344000000000051,1.51668807698382,"tempering"
48400,0.34699999999998,1.51668807698382,"tempering"
48800,0.350000000000023,1.51697318214516,"tempering"
49200,0.355000000000018,1.51697318214516,"tempering"
49600,0.358000000000061,1.51697318214516,"tempering"
50000,0.36099999999999,1.51697318214516,"tempering"
50400,0.364000000000033,1.51697318214516,"tempering"
50800,0.366999999999962,1.51697318214516,"tempering"
51200,0.370999999999981,1.51697318214516,"tempering"
51600,0.374000000000024,1.51697318214516,"tempering"
52000,0.376999999999953,1.51697318214516,"tempering"
52400,0.379999999999995,1.51697318214516,"tempering"
52800,0.383000000000038,1.51697318214516,"tempering"
53200,0.384999999999991,1.51697318214516,"tempering"
53600,0.38900000000001,1.51697318214516,"tempering"
54000,0.392000000000053,1.51697318214516,"tempering"
54400,0.394999999999982,1.51697318214516,"tempering"
54800,0.398000000000025,1.51697318214516,"tempering"
55200,0.400999999999954,1.51697318214516,"tempering"
55600,0.40300000000002,1.51697318214516,"tempering"
56000,0.407000000000039,1.51697318214516,"tempering"
56400,0.409999999999968,1.51697318214516,"tempering"
56800,0.413000000000011,1.52197764194833,"tempering"
57200,0.416000000000054,1.52197764194833,"tempering"
57600,0.418999999999983,1.52197764194833,"tempering"
58000,0.421000000000049,1.52197764194833,"tempering"
58400,0.424999999999955,1.52197764194833,"tempering"
58800,0.427999999999997,1.52197764194833,"tempering"
59200,0.42999999999995,1.52197764194833,"tempering"
59600,0.432999999999993,1.52329677545426,"tempering"
60000,0.436000000000035,1.52329677545426,"tempering"
2000,0.0749999999999318,1.13964456406506,"de_hybrid"
5000,0.15199999999993,1.23702599152212,"de_hybrid"
10000,0.310000000000059,1.29641097678989,"de_hybrid"
20000,0.576999999999998,1.27026362156631,"de_hybrid"
40000,1.10399999999993,1.40625274255052,"de_hybrid"
80000,2.02600000000007,1.44825371090897,"de_hybrid"
