"nHyb","h2_plot","sca_level","nLoc","strategy","k","p_real","acc_all_mean","n_plots_mean","acc_rel","cost_rel","minimal_5","minimal_10"
400,0.4,"high",10,"optimised_blocks",5,0.5,0.884336195986258,1599.86666666667,0.966096444945942,0.499958333333333,"True","False"
400,0.4,"high",10,"random",2,0.2,0.824928793785173,640,0.901196602182032,0.2,"False","True"
100,0.2,"low",4,"complete",4,1,0.825323923707547,320,0.957724592586603,0.4,"True","False"
100,0.2,"low",4,"parentage",3,0.75,0.778526689990231,240,0.903420021607054,0.3,"False","True"
400,0.2,"low",6,"random",2,0.333333333333333,0.816225013615719,640,0.903588586999664,0.2,"False","True"
400,0.2,"low",10,"random",5,0.5,0.873854167980196,1600,0.967386002287771,0.5,"True","False"
100,0.4,"low",6,"random",4,0.666666666666667,0.887009671011882,320,0.950556174423019,0.4,"True","False"
100,0.4,"low",10,"parentage",2,0.2,0.85571192548336,160,0.917016218512822,0.2,"False","True"
400,0.4,"low",4,"optimised_blocks",2,0.5,0.858637337184447,639.666666666667,0.912429416464778,0.199895833333333,"False","True"
400,0.4,"low",10,"parentage",2,0.2,0.897251964085438,640,0.953463180039292,0.2,"True","False"
