"layer","metric","contrast","subset","n","diff","se","t","p"
"fast","acc_all","parentage - random","all",791,0.0051,0.0029,1.77,0.0773
"fast","acc_all","optimised_blocks - random","all",791,0.0011,0.0028,0.38,0.7018
"fast","acc_cv1","parentage - random","all",791,0.0086,0.0039,2.23,0.026
"fast","acc_cv1","optimised_blocks - random","all",791,0.0018,0.0043,0.43,0.6698
"fast","acc_cv2","parentage - random","all",791,0.0077,0.0026,2.97,0.0031
"fast","acc_cv2","optimised_blocks - random","all",791,0.006,0.0023,2.57,0.0103
"fast","coinc_t5_truth","parentage - random","all",791,0.0046,0.0069,0.67,0.5049
"fast","coinc_t5_truth","optimised_blocks - random","all",791,0.0094,0.0064,1.47,0.142
"genomic","acc_all","parentage - random","all",32,0.0226,0.0086,2.61,0.0137
"genomic","acc_all","parentage - random","nLoc=4",16,0.0334,0.016,2.09,0.0541
"genomic","acc_all","parentage - random","nLoc=8",16,0.0117,0.0061,1.92,0.0743
"genomic","acc_all","optimised_blocks - random","all",32,0.0152,0.0098,1.56,0.1296
"genomic","acc_all","optimised_blocks - random","nLoc=4",16,0.0213,0.0188,1.13,0.2748
"genomic","acc_all","optimised_blocks - random","nLoc=8",16,0.0092,0.0063,1.47,0.1634
"genomic","acc_cv1","parentage - random","all",32,0.0139,0.0092,1.51,0.141
"genomic","acc_cv1","parentage - random","nLoc=4",16,0.0117,0.0161,0.72,0.4802
"genomic","acc_cv1","parentage - random","nLoc=8",16,0.016,0.0094,1.72,0.1068
"genomic","acc_cv1","optimised_blocks - random","all",32,0.0111,0.0135,0.82,0.4197
"genomic","acc_cv1","optimised_blocks - random","nLoc=4",16,0.0107,0.0245,0.44,0.6694
"genomic","acc_cv1","optimised_blocks - random","nLoc=8",16,0.0115,0.0127,0.91,0.3777
"fast","acc_cv1","parentage - random","k<=2",385,0.0187,0.0069,2.71,0.007
"fast","acc_cv1","optimised_blocks - random","k<=2",385,-0.0012,0.0079,-0.15,0.881
