"part","nLoc","k","strategy","h2_plot","acc_all","acc_cv1","acc_cv2","b1","coinc_t5","pev","fem_cover","conc_hmean","n_plots","acc_all_se","acc_cv1_se","family_size","overlap","n_distinct"
"k1",10,1,"parentage",0.2,0.74880247329438,0.704800588346937,0.65064812296468,0.952929689521205,0.425,1.06564181801191,0.959333333333333,0,320,0.0117627677458397,0.0171030191483568,4,NA,NA
"k1",10,1,"parentage",0.4,0.858239690180295,0.850876399300017,0.756617551865936,1.02302507738676,0.55,0.726268977519346,0.959833333333333,0,320,0.00774415717412219,0.00749065962950996,4,NA,NA
"k1",10,1,"random",0.2,0.741608787115837,0.709235156717617,0.642766646617149,0.990229438101173,0.373333333333333,1.08541726113661,0.811833333333333,0,320,0.0104615091642489,0.0147073630110801,4,NA,NA
"k1",10,1,"random",0.4,0.86497346682853,0.846327057327307,0.765887076741191,0.98618489231503,0.561666666666667,0.747160674907646,0.814666666666667,0,320,0.0063361984445292,0.00885074883611514,4,NA,NA
"k1",4,1,"parentage",0.2,0.711204049699326,0.687955334725915,0.692351958882216,0.956965611014459,0.395,1.1110796742172,0.999583333333333,0,320,0.0169833024173482,0.0192599256898756,4,NA,NA
"k1",4,1,"parentage",0.4,0.8454329142914,0.821351641765725,0.814799306389473,1.03234236183291,0.568333333333333,0.79575555833569,0.999583333333333,0,320,0.00820731175558526,0.0115891255510515,4,NA,NA
"k1",4,1,"random",0.2,0.726160239678562,0.699113407325231,0.68809323111803,0.962416235634269,0.398333333333333,1.12141622185871,0.98875,0,320,0.0151196859660262,0.0198869998715004,4,NA,NA
"k1",4,1,"random",0.4,0.830411300340844,0.811087974208669,0.794302477294779,0.998880206074469,0.535,0.807349601162405,0.98875,0,320,0.00774346268988577,0.00997742428424058,4,NA,NA
"k1",6,1,"parentage",0.2,0.759523070082972,0.733506836432273,0.685440423340585,1.03063997392446,0.363333333333333,1.08610172246343,0.994444444444444,0,320,0.0116005192784932,0.0126478835204949,4,NA,NA
"k1",6,1,"parentage",0.4,0.84086751437455,0.813893584969804,0.785635605899547,0.975605121058106,0.56,0.757724952346529,0.993611111111111,0,320,0.00647154130627265,0.0100078159716292,4,NA,NA
"k1",6,1,"random",0.2,0.728166060731085,0.71373581798856,0.649536612546036,0.976258477319744,0.42,1.09976430115729,0.941944444444444,0,320,0.0101940271587534,0.013611923329689,4,NA,NA
"k1",6,1,"random",0.4,0.845062357215275,0.818300324029599,0.779788328172458,0.994447225745653,0.511666666666667,0.772983368609578,0.936944444444444,0,320,0.0087402515493848,0.0112913414264013,4,NA,NA
"spread",10,2,"parentage",0.2,0.822857597022864,0.802272621060294,0.725450828768379,0.981629932958941,0.521666666666667,0.825048393522582,0.998333333333333,0,640,0.0109543147815556,0.0149049479072626,4,NA,NA
"spread",10,2,"parentage",0.4,0.891037775970063,0.867330493731134,0.804836360770175,1.0205927896971,0.58,0.58580513655339,0.998166666666667,0,640,0.00578331166106729,0.00814718622698454,4,NA,NA
"spread",10,2,"random",0.2,0.809642806002073,0.772877827343777,0.714587175349426,1.00448424040016,0.505,0.834723097942542,0.9715,5.63425431704093,640,0.0121067402552776,0.0146413676365993,4,NA,NA
"spread",10,2,"random",0.4,0.887071694380998,0.857024949429388,0.808941293399325,0.999419895085614,0.596666666666667,0.594553483301452,0.965333333333333,6.03364108089574,640,0.00558056283108456,0.00825932105810856,4,NA,NA
"spread",2,2,"complete",0.2,0.772514776890321,0.735472351316737,NA,1.01927554330979,0.441666666666667,0.996454497536099,1,320,640,0.0106238687285091,0.0155185274862767,4,NA,NA
"spread",2,2,"complete",0.4,0.818473326682003,0.799409132452058,NA,1.00323168487162,0.508333333333333,0.809014658258274,1,320,640,0.00743346747322229,0.0110125458041079,4,NA,NA
"spread",4,2,"parentage",0.2,0.814093014738409,0.799238407219612,0.789358863969146,1.01468815841623,0.465,0.892502692504414,1,52.34538615738,640,0.0102559642594557,0.0114353365980319,4,NA,NA
"spread",4,2,"parentage",0.4,0.870436375670051,0.860274397074942,0.857581631805281,1.02682554396904,0.601666666666667,0.672970914414723,1,52.1580161412052,640,0.00617415894158093,0.00838413490272336,4,NA,NA
"spread",4,2,"random",0.2,0.821748168980993,0.808088160467908,0.778945279198892,1.00887591515898,0.506666666666667,0.896417180590143,1,52.523024803859,640,0.00757892259429915,0.0103414139575107,4,NA,NA
"spread",4,2,"random",0.4,0.872113852260539,0.841306811628836,0.86223775790466,1.01387720766302,0.595,0.676422506126257,1,52.2941934413215,640,0.00716322383891843,0.0114125907324933,4,NA,NA
"spread",6,2,"parentage",0.2,0.81631802779198,0.785246515076961,0.748018547549554,0.998658765633971,0.515,0.855611995893504,1,18.8636171578227,640,0.0105213120949237,0.0149515383707061,4,NA,NA
"spread",6,2,"parentage",0.4,0.8661702836087,0.84893633799867,0.822578064997114,1.00546042954983,0.58,0.624546725903856,1,18.8659626780014,640,0.0074434310559528,0.00829263011533887,4,NA,NA
"spread",6,2,"random",0.2,0.807188895127855,0.79288072743306,0.74063079062635,1.00583071132427,0.486666666666667,0.861825569712579,0.998055555555556,20.4399758399282,640,0.008481573459324,0.012096573547743,4,NA,NA
"spread",6,2,"random",0.4,0.86366675169413,0.83932345440851,0.825536818272272,0.990389931975559,0.538333333333333,0.630044700528653,0.998055555555556,20.2697348617431,640,0.00683742498508763,0.00953002857214473,4,NA,NA
"overlap",4,NA,"overlap_core",0.4,0.836772995182458,0.815532326739216,0.811563529494946,1.01040748643178,0.531666666666667,0.765695796322402,0.98875,0,320,0.0079242986183791,0.0109561451876804,1,0,320
"overlap",4,NA,"overlap_core",0.4,0.807858138338166,0.785843549427299,0.780794426230444,0.982373247113447,0.495,0.784899532289673,0.989166666666667,20,320,0.00879324629362946,0.0101913046548756,1,0.25,260
"overlap",4,NA,"overlap_core",0.4,0.817392739636876,0.800308344704328,0.781762412470826,0.998762658808236,0.521666666666667,0.811641491178711,0.987916666666667,40,320,0.0072250904352056,0.00844547880154788,1,0.5,200
"overlap",4,NA,"overlap_core",0.4,0.800732422734486,0.775149078711594,0.780572088461158,1.00710108035844,0.488333333333333,0.846754254999796,0.988333333333333,60,320,0.00864515207050375,0.00964095859532586,1,0.75,140
"overlap",4,NA,"overlap_core",0.4,0.777806073940035,0.7580694613684,NA,0.984558362602245,0.461666666666667,0.899502574902309,0.986666666666667,80,320,0.00988115863102736,0.0106937123664528,1,1,80
"overlap",4,NA,"overlap_core",0.4,0.845457353365096,0.827316128110593,0.80257479946235,1.03549769819311,0.56,0.908862131581475,0.98625,0,320,0.00629999459175238,0.00639574046360694,10,0,320
"overlap",4,NA,"overlap_core",0.4,0.817092067206478,0.796277247669278,0.785474023237216,0.98872355172877,0.488333333333333,0.924474720538161,0.98875,20,320,0.00995440993452798,0.0115137659367108,10,0.25,260
"overlap",4,NA,"overlap_core",0.4,0.804760371731196,0.783020815693813,0.779313614256446,1.01305468428017,0.468333333333333,0.946112573809705,0.990833333333333,40,320,0.0148414420624748,0.0172622423812762,10,0.5,200
"overlap",4,NA,"overlap_core",0.4,0.818052879184899,0.797456383931313,0.790066313010248,1.00155764101144,0.505,0.973148784956954,0.981666666666667,60,320,0.0101789670309592,0.0121876990982536,10,0.75,140
"overlap",4,NA,"overlap_core",0.4,0.799506583848874,0.780188855951783,NA,0.993699501544519,0.481666666666667,1.00810020790865,0.998333333333333,80,320,0.00913927268932718,0.0100558271755536,10,1,80
"overlap",4,NA,"overlap_core",0.4,0.822260927724047,0.812013688088135,0.790118678991808,1.00231234154559,0.503333333333333,0.807047905630407,0.9875,0,320,0.00834320446043325,0.0116667744656044,4,0,320
"overlap",4,NA,"overlap_core",0.4,0.818582316362544,0.792270070261951,0.797475189879535,0.997898948728885,0.51,0.824097238719868,0.99125,20,320,0.0102861319184844,0.0126938887550999,4,0.25,260
"overlap",4,NA,"overlap_core",0.4,0.801317979543476,0.77586139725253,0.783380689436081,0.999950783887137,0.475,0.847764970623041,0.988333333333333,40,320,0.00897195002977723,0.0103969777481831,4,0.5,200
"overlap",4,NA,"overlap_core",0.4,0.801773189975178,0.776240637024554,0.792991948333284,0.967133309589343,0.498333333333333,0.881441711355889,0.992916666666667,60,320,0.00985302989719519,0.0121891081411263,4,0.75,140
"overlap",4,NA,"overlap_core",0.4,0.799653466005622,0.776928073943339,NA,1.04123960337815,0.461666666666667,0.931125704786523,0.988333333333333,80,320,0.0113323416843486,0.0132165668504788,4,1,80
