"layer","rep","h2_target","nLoc","strategy","k","p_real","n_plots","n_cv1","acc_all","acc_obs","acc_cv1","acc_cv2","bias_all","coinc_t5_truth","coinc_t10_truth","coinc_t5_compl","vhat_s2f","vhat_s2m","vhat_s2s","vhat_s2fl","vhat_s2ml","vhat_s2res","ratio_sca_gca_hat","pev_mean","conn_conc_mean","conn_conc_hmean","conn_fem_cover","conn_male_cover","conn_frac_disconn","conn_loc_size_cv","varG_true","varA_true","varE_used","heterosis","converged","n_iter"
"genomica",1,0.4,4,"complete",4,1,1280,80,0.925279781766679,0.928197742860339,0.91367281748715,NA,1.13433637080045,0.6,0.775,1,0.255915316556369,0.266679209865572,0.05028940850061,0.106860838670367,0.177988224499071,1.47606321149988,0.192460525160596,0.141042421047774,320,320,1,1,0,0,0.651178349389062,0.602982914539228,1.36034870279731,2.97422471582382,TRUE,86
"genomica",1,0.4,4,"random",1,0.25,320,80,0.80406913137311,0.809028272816807,0.797010682084722,0.753699178839174,0.983917052128709,0.55,0.475,0.55,0.369581007245013,0.178703031157204,0.339344754082537,0.0962603898178265,0.148399992722184,1.34721347641306,1.23784290737859,0.446935446798759,0,0,1,1,1,0.060380736442456,0.651178349389062,0.602982914539228,1.36034870279731,2.97422471582382,TRUE,85
"genomica",1,0.4,4,"random",2,0.5,640,80,0.896616206959488,0.905283379519435,0.859498315888121,0.846985900329376,1.05573831819355,0.5,0.625,0.8,0.31441426781742,0.311738977455027,0.0369098954982604,0.151049921053585,0.203565237492629,1.42658832186539,0.117894128240765,0.176969460521119,53.3333333333333,53.0690571745344,1,1,0,0.0398565134785604,0.651178349389062,0.602982914539228,1.36034870279731,2.97422471582382,TRUE,115
"genomica",1,0.4,4,"optimised_blocks",1,0.25,320,80,0.825756467836237,0.818803051768119,0.861172839991134,0.755713857404493,1.02009115043603,0.4,0.7,0.4,0.211198229920831,0.406822477730456,0.0503628791404889,0.1172972042042,0.25374870861143,1.27177029897355,0.162981202788129,0.231464840711956,0,0,1,1,1,0.0612372435695794,0.651178349389062,0.602982914539228,1.36034870279731,2.97422471582382,FALSE,120
"genomica",1,0.4,4,"optimised_blocks",2,0.5,638,80,0.862920219303592,0.870613435193561,0.83123695603567,0.803483161045067,1.158352413879,0.6,0.675,0.5,0.194878974680742,0.260225586314443,0.00134438066947023,0.151068883320528,0.112058656338592,1.47846276637371,0.00590800789396813,0.118806555832354,65,64.7810141032332,1,1,0,0.0282711583249084,0.651178349389062,0.602982914539228,1.36034870279731,2.97422471582382,TRUE,105
"genomica",1,0.4,4,"parentage",1,0.25,320,80,0.823609599205609,0.81734054436891,0.872616844171789,0.684171224903312,0.97594110965783,0.5,0.675,0.5,0.226245636390417,0.267586989156318,0.382547405597427,0.0191033661926754,2.10018152006061e-10,1.20127287915676,1.54929984698317,0.418953695163467,0,0,1,1,1,0.0444878260501305,0.651178349389062,0.602982914539228,1.36034870279731,2.97422471582382,FALSE,120
"genomica",1,0.4,4,"parentage",2,0.5,640,80,0.863156589587878,0.865617478369122,0.854669956191028,0.77977678986604,1.16359181722513,0.5,0.675,0.6,0.221416806117947,0.239373903090328,0.158359543957471,0.246191030063782,0.161082172817573,1.225597893076,0.687338267863787,0.261253157225926,53.3333333333333,0,1,1,0.333333333333333,0.00510310363079829,0.651178349389062,0.602982914539228,1.36034870279731,2.97422471582382,TRUE,80
"genomica",1,0.4,8,"complete",8,1,2560,80,0.948358153877935,0.954047124444006,0.920524349056039,NA,0.965344682377258,0.65,0.8,1,0.297337097090841,0.369062047389176,0.0650849211784811,0.0333427065033294,0.0811888783424352,1.35766124694671,0.195333147461544,0.0849284967291586,320,320,1,1,0,0,0.651178349389062,0.602982914539228,1.36034870279731,2.97422471582382,TRUE,47
"genomica",1,0.4,8,"random",2,0.25,640,80,0.834770595632275,0.853156445342378,0.741929895720593,0.794632831790758,1.00314782902255,0.5,0.65,0.6,0.204592351909683,0.329401298558303,0.096391319723176,0.132429376800198,0.110720873604142,1.27749343690458,0.361020471455792,0.182893870013534,11.4285714285714,9.22179881982555,0.98125,0.98125,0,0.11764049351429,0.651178349389062,0.602982914539228,1.36034870279731,2.97422471582382,TRUE,104
"genomica",1,0.4,8,"random",4,0.5,1280,80,0.935545402371409,0.94001438917085,0.9133447789403,0.880398710459136,0.995415621449121,0.75,0.725,0.65,0.312568506857344,0.321137603334102,0.0139508903293404,0.0617315945162489,0.0472322112657198,1.43017431837903,0.0440295275837746,0.0686738512205656,68.5714285714286,67.7137464804801,1,1,0,0.0693560945926373,0.651178349389062,0.602982914539228,1.36034870279731,2.97422471582382,TRUE,77
"genomica",1,0.4,8,"optimised_blocks",2,0.25,637,80,0.890776529174209,0.89388507175912,0.875426768346465,0.81471145776717,1.06711846103548,0.6,0.7,0.6,0.239118873105548,0.300477771971307,0.0726356210283687,0.0323590859314928,0.222037633946037,1.33433578722615,0.269221914891717,0.172064847452712,28.5714285714286,28.4267395213371,1,1,0,0.05020743778948,0.651178349389062,0.602982914539228,1.36034870279731,2.97422471582382,TRUE,114
"genomica",1,0.4,8,"optimised_blocks",4,0.5,1272,80,0.918956218202883,0.926588430300749,0.881182279058132,0.874855305870347,1.07966835120623,0.6,0.825,0.75,0.213616488788699,0.322588476982345,0.0599424374140271,0.100509131137806,0.119274556667585,1.4091772578704,0.2235803143965,0.11801603257253,75.2142857142857,74.8612294255176,1,1,0,0.0232910716923912,0.651178349389062,0.602982914539228,1.36034870279731,2.97422471582382,TRUE,86
"genomica",1,0.4,8,"parentage",2,0.25,640,80,0.868069439654279,0.877030570503383,0.8238526359028,0.813259912195698,0.937939695134437,0.6,0.7,0.5,0.288223312006646,0.328034398220913,0.103960417552608,0.0646303365751469,0.0658688582948747,1.3509763421688,0.337392671368671,0.18161681253796,11.4285714285714,0,1,1,0.5,0.0443202630213959,0.651178349389062,0.602982914539228,1.36034870279731,2.97422471582382,TRUE,104
"genomica",1,0.4,8,"parentage",4,0.5,1280,80,0.932832800079736,0.935592333647909,0.918457203702533,0.880697818141242,1.01326236382263,0.7,0.75,0.7,0.316594287353111,0.275147612670215,0.0850882729026196,0.0313447169174575,0.139006263607484,1.44589500616198,0.287585762979655,0.13250998954377,68.5714285714286,59.836883440376,1,1,0,0.0348786160439725,0.651178349389062,0.602982914539228,1.36034870279731,2.97422471582382,TRUE,81
"genomica",2,0.4,4,"complete",4,1,1280,80,0.762704695325489,0.749912172103661,0.810971470081786,NA,0.759357662893232,0.45,0.525,1,0.177995700052292,0.249007477951062,0.0557442673217644,0.111202144929814,0.110556226574408,1.11584340996635,0.261095327591809,0.122509003990253,320,320,1,1,0,0,0.308790502904406,0.270868351528326,1.16277945078976,1.98430038801226,TRUE,78
"genomica",2,0.4,4,"random",1,0.25,320,80,0.614969845140839,0.610977996422725,0.657760942674034,0.709461508479903,0.474449636643906,0.35,0.3,0.45,0.196664640128972,0.41928661847066,0.388530463899295,0.125519644057131,0.166355396591236,0.706380499077731,1.26156236706982,0.424101150294237,0,0,1,0.9875,1,0.0620819351072972,0.308790502904406,0.270868351528326,1.16277945078976,1.98430038801226,FALSE,120
"genomica",2,0.4,4,"random",2,0.5,640,80,0.759109380437231,0.751278271527521,0.793855894687076,0.826973990924826,0.77679666388078,0.3,0.4,0.6,0.161110125816964,0.265869288067854,1.81490359811446e-10,0.221791409450787,0.070398955015097,1.1028440143968,8.50112927741314e-10,0.102973959351752,53.3333333333333,52.6541389104407,1,1,0,0.0486805060231163,0.308790502904406,0.270868351528326,1.16277945078976,1.98430038801226,TRUE,80
"genomica",2,0.4,4,"optimised_blocks",1,0.25,320,80,0.747280735124649,0.735685365081609,0.809565603970427,0.789516251843882,0.801908758734334,0.35,0.45,0.45,0.21241178774172,0.244081480912159,0.059856319174014,0.170639184889547,0.0727813417707676,1.163669768277,0.262244038561708,0.202102920164329,0,0,1,1,1,0.0353553390593274,0.308790502904406,0.270868351528326,1.16277945078976,1.98430038801226,FALSE,120
"genomica",2,0.4,4,"optimised_blocks",2,0.5,644,80,0.744716606309496,0.730247871572044,0.800160086967325,0.813382079098582,0.781466991879577,0.25,0.55,0.45,0.188033290566537,0.20667950194488,1.64630642273094e-10,0.0349722249881682,0.0242966992504432,1.22514012054146,8.34179410429581e-10,0.0738912251558634,68,67.5704770781546,1,1,0,0.0253570366747741,0.308790502904406,0.270868351528326,1.16277945078976,1.98430038801226,TRUE,92
"genomica",2,0.4,4,"parentage",1,0.25,320,80,0.641401606416168,0.638910708560347,0.674621493105638,0.732671827582479,0.645104758692247,0.25,0.325,0.5,0.151892111699079,0.2929221908569,0.0830325409108619,0.0207599438214054,0.0192301957407751,1.12292290115748,0.373335751273026,0.187688358640914,0,0,1,1,1,0.0540061724867322,0.308790502904406,0.270868351528326,1.16277945078976,1.98430038801226,FALSE,120
"genomica",2,0.4,4,"parentage",2,0.5,640,80,0.734030982471171,0.723621576729193,0.780866905295015,0.779234674218175,0.720893338154773,0.25,0.45,0.4,0.252049395581811,0.195637858343398,0.0702475929354896,0.0994645821826863,0.0175975943443412,1.06038556093595,0.313824404512643,0.143060213920699,53.3333333333333,32.773409671877,1,1,0,0.013501543121683,0.308790502904406,0.270868351528326,1.16277945078976,1.98430038801226,TRUE,105
"genomica",2,0.4,8,"complete",8,1,2560,80,0.937500866541445,0.938185186752302,0.935748142694075,NA,1.16165561581657,0.5,0.55,1,0.156899015671454,0.12199870701425,0.0351982946942993,0.160856106315541,0.116598226613941,1.13972946826238,0.252410054519986,0.07371657646254,320,320,1,1,0,0,0.308790502904406,0.270868351528326,1.16277945078976,1.98430038801226,TRUE,53
"genomica",2,0.4,8,"random",2,0.25,640,80,0.780159571711813,0.785149378639862,0.763390283658907,0.632571491927515,1.17187510508447,0.15,0.25,0.1,0.104879484474642,0.118847530135378,0.0780932104148435,0.181163660862721,0.121448946122536,1.09840081015337,0.698111585236751,0.145921810035547,11.4285714285714,10.3654522632196,0.9875,0.99375,0,0.091368562896186,0.308790502904406,0.270868351528326,1.16277945078976,1.98430038801226,TRUE,109
"genomica",2,0.4,8,"random",4,0.5,1280,80,0.906291973763735,0.913210524536665,0.881016565516501,0.737287131167193,1.00585462728607,0.6,0.725,0.6,0.220176470888443,0.13456506235998,1.70763482030355e-10,0.123723137793552,0.0649694820938709,1.21110244032594,9.6274873971845e-10,0.0534989872122233,68.5714285714286,67.4853316432288,1,1,0,0.0764736182334424,0.308790502904406,0.270868351528326,1.16277945078976,1.98430038801226,TRUE,69
"genomica",2,0.4,8,"optimised_blocks",2,0.25,634,80,0.78700633933546,0.804044585096872,0.717304860196221,0.635514808434614,1.38465490664298,0.35,0.425,0.25,0.111468551231143,0.071329116131687,1.78104053960523e-10,0.115775263089243,1.78104053960523e-10,1.41827650763631,1.94864690047723e-09,0.0675472714974823,27.7142857142857,27.5698595147915,1,1,0,0.0335547732654102,0.308790502904406,0.270868351528326,1.16277945078976,1.98430038801226,TRUE,87
"genomica",2,0.4,8,"optimised_blocks",4,0.5,1286,80,0.919039398012573,0.915665656151697,0.93332945365732,0.764849766478777,1.10610729541961,0.6,0.725,0.5,0.165756990026766,0.127494243760115,0.0705669892992269,0.161676096964869,0.0544438858890869,1.15241516908616,0.481273264483594,0.112278473364912,78.5,77.8594042790571,1,1,0,0.0345162523633654,0.308790502904406,0.270868351528326,1.16277945078976,1.98430038801226,TRUE,76
"genomica",2,0.4,8,"parentage",2,0.25,640,80,0.801553727790629,0.816274451729194,0.744190556794802,0.656552934046018,1.10588522353682,0.25,0.45,0.3,0.161895836483934,0.100937396946102,0.0435211956601602,0.120674071744745,0.061551678033955,1.16526930785315,0.331169655314881,0.112110006427342,11.4285714285714,0,1,1,0.357142857142857,0.0707106781186548,0.308790502904406,0.270868351528326,1.16277945078976,1.98430038801226,FALSE,120
"genomica",2,0.4,8,"parentage",4,0.5,1280,80,0.883415902587115,0.893354229898357,0.848449847870402,0.785562355718184,1.13840289160821,0.5,0.65,0.35,0.173783581214055,0.124487402149423,1.69418397233439e-10,0.193637384596459,0.101327537009235,1.14221597241158,1.13600320971875e-09,0.0590986645643774,68.5714285714286,60.4661060124659,1,1,0,0.033407655239053,0.308790502904406,0.270868351528326,1.16277945078976,1.98430038801226,TRUE,70
"genomica",3,0.4,4,"complete",4,1,1280,80,0.887386487342261,0.886436792231438,0.892104734487951,NA,1.27571309774992,0.65,0.675,1,0.222741900175531,0.139333838694542,0.0939102372290136,0.0697170188380964,0.3006488625958,1.42802299514695,0.518732558674484,0.168327377765398,320,320,1,1,0,0,0.543667541843898,0.473919570162396,1.45487460131904,2.46571270127897,TRUE,70
"genomica",3,0.4,4,"random",1,0.25,320,80,0.651441179765547,0.640325196258801,0.77391810928054,0.551207651448383,0.647248696695694,0.4,0.5,0.35,0.200848092531423,0.261876266347742,0.613046942871205,0.125461959777817,0.0493772258826228,0.705415600111196,2.64972842301261,0.50267294523529,0,0,0.975,1,1,0.0367990036096994,0.543667541843898,0.473919570162396,1.45487460131904,2.46571270127897,TRUE,115
"genomica",3,0.4,4,"random",2,0.5,640,80,0.819067659049201,0.822372492556452,0.813581738189868,0.801952420015786,1.11392466405153,0.55,0.55,0.5,0.305254852888241,0.114977687871105,0.094946777172204,0.0707933793792045,0.317489151766818,1.40240624562168,0.451877320117279,0.198599119686283,53.3333333333333,52.6193872151204,1,1,0,0.0701560760020114,0.543667541843898,0.473919570162396,1.45487460131904,2.46571270127897,TRUE,105
"genomica",3,0.4,4,"optimised_blocks",1,0.25,320,80,0.702703852996111,0.703012197527307,0.732698433525481,0.671806699337487,0.740503738812327,0.5,0.525,0.5,0.335497049118016,0.230608119011214,0.469232063537772,0.145274223158823,0.27711135356866,0.754905746973518,1.65775580211858,0.491464762547937,0,0,1,1,1,0.0102062072615966,0.543667541843898,0.473919570162396,1.45487460131904,2.46571270127897,TRUE,116
"genomica",3,0.4,4,"optimised_blocks",2,0.5,636,80,0.885176314576245,0.879023419078583,0.910745835149936,0.809837909790561,1.09602124273475,0.7,0.675,0.6,0.280690076774508,0.246038562512429,2.55217301375899e-10,0.106058785489656,0.444731494329981,1.51711973137635,9.69065595982786e-10,0.15730047498724,63.6666666666667,61.9572481998245,1,1,0,0.0135864584872282,0.543667541843898,0.473919570162396,1.45487460131904,2.46571270127897,TRUE,88
"genomica",3,0.4,4,"parentage",1,0.25,320,80,0.82805893127885,0.829887665746344,0.827596626954555,0.751278622798967,0.976859035551247,0.6,0.65,0.6,0.345700847615181,0.266772942782341,2.27412925135433e-10,0.0498589977015005,0.191235375647216,1.48995308974544,7.42604593701332e-10,0.176559436116172,0,0,1,1,1,0.0367990036096994,0.543667541843898,0.473919570162396,1.45487460131904,2.46571270127897,TRUE,116
"genomica",3,0.4,4,"parentage",2,0.5,640,80,0.84904977283129,0.844172317091153,0.86892501044371,0.76806806201922,1.22558349004024,0.5,0.6,0.45,0.269319524046834,0.126330337977075,2.39406221059754e-10,0.177325034072095,0.252421308645075,1.56352664340173,1.21019236470901e-09,0.129691466829594,53.3333333333333,33.1321529041867,1,1,0,0.00721687836487032,0.543667541843898,0.473919570162396,1.45487460131904,2.46571270127897,TRUE,83
"genomica",3,0.4,8,"complete",8,1,2560,80,0.954762857268213,0.957779872044066,0.942397591746141,NA,1.06167994166837,0.7,0.825,1,0.244930707894409,0.278238565419164,0.0484698780548423,0.0945671665015528,0.211510347963586,1.5469249860486,0.18529329044059,0.0967369590664337,320,320,1,1,0,0,0.543667541843898,0.473919570162396,1.45487460131904,2.46571270127897,TRUE,52
"genomica",3,0.4,8,"random",2,0.25,640,80,0.862312638482335,0.859230806856081,0.875296111890004,0.753305149188331,1.0466714774309,0.65,0.625,0.65,0.332292938057739,0.180877062770462,2.26165271998263e-10,0.1080100284472,0.327127404320104,1.31953098882509,8.81443855382259e-10,0.110188703109951,11.4285714285714,10.5440267099292,0.975,0.9875,0,0.0427826733953962,0.543667541843898,0.473919570162396,1.45487460131904,2.46571270127897,TRUE,98
"genomica",3,0.4,8,"random",4,0.5,1280,80,0.905737262441399,0.91002367087976,0.887384907562937,0.825937261355421,1.05740245106243,0.7,0.75,0.7,0.2614709840963,0.226748090051529,0.0357489752076386,0.0648960093131639,0.283498416579946,1.3890029476744,0.146446450376964,0.107762581205044,68.5714285714286,67.2084910821135,1,1,0,0.091062674649308,0.543667541843898,0.473919570162396,1.45487460131904,2.46571270127897,TRUE,89
"genomica",3,0.4,8,"optimised_blocks",2,0.25,646,80,0.868616434874587,0.868617781515295,0.873640397859781,0.785690747837313,1.03857292341153,0.45,0.55,0.45,0.327947139835503,0.170159902650215,0.170005156545679,0.0863060138085045,0.387085271866828,1.37262917348632,0.682604910371464,0.264525381490127,30.3928571428571,30.1973296269386,1,1,0,0.0342361830700816,0.543667541843898,0.473919570162396,1.45487460131904,2.46571270127897,TRUE,88
"genomica",3,0.4,8,"optimised_blocks",4,0.5,1262,80,0.918857130190463,0.921791691575996,0.908528168375426,0.854744536720613,1.13530591978125,0.6,0.7,0.65,0.206442472105241,0.246657406138853,0.0207067283782777,0.0639445610803747,0.223094322494251,1.40482610526003,0.0914002822447135,0.089697575475069,74.1428571428571,73.7347204065821,1,1,0,0.0236583209918282,0.543667541843898,0.473919570162396,1.45487460131904,2.46571270127897,TRUE,82
"genomica",3,0.4,8,"parentage",2,0.25,640,80,0.852822802394055,0.855211875478622,0.845750056381934,0.751629233122746,0.939918711106995,0.55,0.625,0.7,0.240864554767587,0.288819513069635,0.247842164631817,0.120356595959483,0.195067929008506,1.26425300242397,0.935811287070775,0.295341479380603,11.4285714285714,0,1,1,0.5,0.022160131510698,0.543667541843898,0.473919570162396,1.45487460131904,2.46571270127897,TRUE,74
"genomica",3,0.4,8,"parentage",4,0.5,1280,80,0.917107144059665,0.9234800805799,0.890295745267581,0.84529325789173,0.996122607799238,0.8,0.775,0.8,0.343418472491254,0.221343291334767,8.62277068223622e-05,0.0542054797933531,0.179436627184383,1.6468920617756,0.000305359577596776,0.0704536477882217,68.5714285714286,0,1,1,0.0357142857142857,0.00818317088384971,0.543667541843898,0.473919570162396,1.45487460131904,2.46571270127897,TRUE,75
"genomica",4,0.4,4,"complete",4,1,1280,80,0.920333638518654,0.918821324024914,0.926404885254088,NA,1.05786932901001,0.75,0.8,1,0.204466724960333,0.359781037166535,2.59051636383493e-10,0.0562085089630948,0.154161765384302,1.79024061232511,9.18219455251455e-10,0.0910290891970183,320,320,1,1,0,0,0.609382967546782,0.527967466436265,1.76067934027721,2.52713289371164,TRUE,67
"genomica",4,0.4,4,"random",1,0.25,320,80,0.715403527493337,0.701457504466548,0.814036092077909,0.640707097248207,0.760830341489139,0.35,0.525,0.25,0.275779240097477,0.313105605091222,0.532732236668283,0.293049274590932,0.102203395660524,1.05122618173327,1.80929171813745,0.571810111766162,0,0,1,1,1,0.0756912588524373,0.609382967546782,0.527967466436265,1.76067934027721,2.52713289371164,TRUE,114
"genomica",4,0.4,4,"random",2,0.5,640,80,0.848169353398412,0.841553088654224,0.875733323512224,0.767087709168383,1.16413825030743,0.6,0.675,0.55,0.133594796355987,0.298085426861799,0.0960978443972357,0.14900120141253,0.158690496952757,1.52691298886458,0.445226995487137,0.208806842154708,53.3333333333333,52.4636829638628,1,1,0,0.081967981553775,0.609382967546782,0.527967466436265,1.76067934027721,2.52713289371164,TRUE,108
"genomica",4,0.4,4,"optimised_blocks",1,0.25,320,80,0.77293026685617,0.776865769625647,0.774432041235869,0.715353369125211,0.805744576839448,0.45,0.5,0.5,0.437243513740529,0.298814238440197,0.364947272595954,0.125372379637084,0.0799961941007127,1.56395591583741,0.991626734491204,0.496720127203808,0,0,1,1,1,0.0395284707521047,0.609382967546782,0.527967466436265,1.76067934027721,2.52713289371164,TRUE,100
"genomica",4,0.4,4,"optimised_blocks",2,0.5,638,80,0.847976714278551,0.844957328866722,0.867594027167271,0.76723350037953,1.11401375495757,0.5,0.625,0.45,0.189043180829282,0.251215276232076,0.174516090498485,0.214454348001086,0.0639134929690473,1.43801743921134,0.792789270481464,0.262953564428773,65,64.3523729734008,1,1,0,0.0207938858329492,0.609382967546782,0.527967466436265,1.76067934027721,2.52713289371164,TRUE,85
"genomica",4,0.4,4,"parentage",1,0.25,320,80,0.805891129374645,0.798641650850432,0.836567468799359,0.749437715214565,0.906494853124027,0.6,0.6,0.65,0.288518987811504,0.448631863506473,0.0705532939755322,0.173613514502905,0.292823921333056,1.53872317392733,0.191421589894084,0.292638829751039,0,0,1,1,1,0.0420812705765087,0.609382967546782,0.527967466436265,1.76067934027721,2.52713289371164,FALSE,120
"genomica",4,0.4,4,"parentage",2,0.5,640,80,0.858652164506797,0.87703588472811,0.783368828623943,0.83765345401361,1.11873460681495,0.5,0.725,0.45,0.331574464624454,0.193155307749256,0.0408912225423273,0.146556051350951,0.189209919669082,1.78515973762415,0.155856308123507,0.180136167129258,53.3333333333333,32.5544823097581,1,1,0,0.013501543121683,0.609382967546782,0.527967466436265,1.76067934027721,2.52713289371164,TRUE,119
"genomica",4,0.4,8,"complete",8,1,2560,80,0.945191007222897,0.949929489563963,0.928977552992573,NA,1.06479215931904,0.65,0.8,1,0.205361799446209,0.352893014977086,0.058477177065978,0.196848422409204,0.1834521461007,1.82320914782009,0.209499947175155,0.115608738233255,320,320,1,1,0,0,0.609382967546782,0.527967466436265,1.76067934027721,2.52713289371164,TRUE,55
"genomica",4,0.4,8,"random",2,0.25,640,80,0.853516324128666,0.863332875098513,0.819799316954953,0.710824110592635,0.970920351672957,0.5,0.6,0.6,0.228619138392699,0.34136303720894,0.131834690564842,0.0619310489900798,0.162596143788422,1.47299784425104,0.462592327297553,0.220714269170314,11.4285714285714,10.3869531746687,0.9875,0.9875,0,0.0681385143869247,0.609382967546782,0.527967466436265,1.76067934027721,2.52713289371164,TRUE,106
"genomica",4,0.4,8,"random",4,0.5,1280,80,0.920112962512593,0.925254811285423,0.902781305301824,0.827581907665378,1.06973472099197,0.65,0.75,0.6,0.219384337925672,0.313298073833457,0.0137122124577169,0.170408442214154,0.149109606924186,1.79176380993495,0.0514836313533753,0.0965991931347923,68.5714285714286,67.6550985577729,1,1,0,0.0661437827766148,0.609382967546782,0.527967466436265,1.76067934027721,2.52713289371164,TRUE,79
"genomica",4,0.4,8,"optimised_blocks",2,0.25,654,80,0.892590356222573,0.897817163716438,0.87403220564138,0.737781319099987,1.03102466141803,0.65,0.8,0.6,0.324676333105608,0.280862461212352,2.65700414659735e-10,0.253558921219308,0.239002804547065,1.53511773507585,8.77566944192246e-10,0.132552268232313,31.4285714285714,31.2693543269819,1,1,0,0.0379852601472856,0.609382967546782,0.527967466436265,1.76067934027721,2.52713289371164,TRUE,81
"genomica",4,0.4,8,"optimised_blocks",4,0.5,1283,80,0.926784356791813,0.925909310970132,0.931188934918792,0.816571499975855,1.10953115565646,0.75,0.775,0.75,0.232413486797851,0.282066549366646,0.0205247640666106,0.175502630253943,0.154871114354486,1.8785905902638,0.0797883790384748,0.105191144515448,77.4642857142857,76.9882727398924,1,1,0,0.0182363145196065,0.609382967546782,0.527967466436265,1.76067934027721,2.52713289371164,TRUE,77
"genomica",4,0.4,8,"parentage",2,0.25,640,80,0.869362227271544,0.874657020358107,0.860754707826706,0.758993828923362,1.00622848877768,0.55,0.725,0.6,0.264320451454238,0.297031695208849,0.0935911213669104,0.277218432582116,0.0991908332510647,1.66068714471184,0.333448876692662,0.208762334555281,11.4285714285714,0,1,1,0.5,0.0472455591261534,0.609382967546782,0.527967466436265,1.76067934027721,2.52713289371164,TRUE,116
"genomica",4,0.4,8,"parentage",4,0.5,1280,80,0.901863711905885,0.903633909151145,0.896587514293338,0.798134190817975,1.15359156714053,0.7,0.675,0.55,0.200460382581431,0.289608001916311,0.00431129675829239,0.215338042828999,0.224103934300934,1.84981796766829,0.0175946741094549,0.0969212025811724,68.5714285714286,0,1,1,0.0357142857142857,0.0316932845523194,0.609382967546782,0.527967466436265,1.76067934027721,2.52713289371164,TRUE,73
"genomica",5,0.4,4,"complete",4,1,1280,80,0.882729651639225,0.880178359986178,0.891864608139922,NA,1.2214765130792,0.85,0.8,1,0.36362798931733,0.111599970597583,3.23308590271313e-10,0.190261442914995,0.446862037799985,2.09760759657651,1.36064633204326e-09,0.128732466080592,320,320,1,1,0,0,0.671362028673869,0.635291017444319,2.02869323181637,2.05168525126925,TRUE,66
"genomica",5,0.4,4,"random",1,0.25,320,80,0.740610448007189,0.736484160972168,0.772955441550814,0.660627973097368,1.2599493340624,0.4,0.5,0.4,0.233818099459707,0.176046787116069,0.3379444060796,0.174286426006724,0.529350510253022,1.73358009605226,1.64905273492913,0.498490800283581,0,0,0.9625,0.9625,1,0.154110350074224,0.671362028673869,0.635291017444319,2.02869323181637,2.05168525126925,FALSE,120
"genomica",5,0.4,4,"random",2,0.5,640,80,0.712061135271656,0.700895723471623,0.755659070839199,0.813128863136554,1.04403167979342,0.45,0.6,0.35,0.357908237700358,0.025498022203575,0.208002031854088,0.197575122839944,0.578453685557235,1.8482021218512,1.08502157427584,0.284312679853905,53.3333333333333,52.9652201866396,1,1,0,0.0481425833678806,0.671362028673869,0.635291017444319,2.02869323181637,2.05168525126925,TRUE,92
"genomica",5,0.4,4,"optimised_blocks",1,0.25,320,80,0.664203814182348,0.650719033835221,0.7548765611928,0.585344167918143,0.955614476967716,0.35,0.4,0.5,0.311854337440303,0.0671328722162705,0.442935711529153,0.0260255356753388,0.180171836590743,1.682935422858,2.33747050160625,0.49530403296414,0,0,1,1,1,0.0444878260501305,0.671362028673869,0.635291017444319,2.02869323181637,2.05168525126925,FALSE,120
"genomica",5,0.4,4,"optimised_blocks",2,0.5,644,80,0.896679177297892,0.894244620682811,0.907939248617555,0.811382094716316,1.43542124380621,0.8,0.75,0.75,0.228902073306708,0.175843049682749,2.83254311031226e-10,0.198632076027585,0.136268897956053,2.03695378172159,1.39966756826668e-09,0.138913021500695,67,66.7713745029803,1,1,0,0.0160371981209417,0.671362028673869,0.635291017444319,2.02869323181637,2.05168525126925,TRUE,91
"genomica",5,0.4,4,"parentage",1,0.25,320,80,0.81042477998001,0.804303684574542,0.834281421482877,0.690425554071898,1.09809766798307,0.6,0.6,0.5,0.260824796769579,0.37849283459738,3.41124089316057e-10,0.2164227190455,0.639725601634967,1.92572403346163,1.06715057611247e-09,0.272944448944002,0,0,1,1,1,0.0367990036096994,0.671362028673869,0.635291017444319,2.02869323181637,2.05168525126925,FALSE,120
"genomica",5,0.4,4,"parentage",2,0.5,640,80,0.859576683125064,0.857522339416531,0.873750905798267,0.768699231053443,1.07388609821707,0.75,0.75,0.65,0.380792069441354,0.196254678170454,3.1127651083248e-10,0.106708854418122,0.275416150866692,2.06793124475088,1.07886063692671e-09,0.154059026851494,53.3333333333333,52.1221968713255,1,1,0,0.0388640793878701,0.671362028673869,0.635291017444319,2.02869323181637,2.05168525126925,TRUE,91
"genomica",5,0.4,8,"complete",8,1,2560,80,0.942640476491375,0.94568209292493,0.933973395810352,NA,1.03827721379124,0.8,0.8,1,0.374278438648296,0.233668923611139,0.0764834963599442,0.165204238858783,0.279679628656086,1.83644065505818,0.251612231939599,0.134180608362764,320,320,1,1,0,0,0.671362028673869,0.635291017444319,2.02869323181637,2.05168525126925,TRUE,45
"genomica",5,0.4,8,"random",2,0.25,640,80,0.839072530078288,0.847345863955969,0.808922619996166,0.721022465298013,0.980362773891344,0.8,0.675,0.75,0.284666305955249,0.343462275410936,0.014736648295507,0.0470123358404632,0.188185057823785,1.94652649151301,0.0469223937030686,0.141226543742969,11.4285714285714,10.3738621870581,0.99375,0.9875,0,0.0918558653543692,0.671362028673869,0.635291017444319,2.02869323181637,2.05168525126925,TRUE,116
"genomica",5,0.4,8,"random",4,0.5,1280,80,0.900774985654517,0.90044296181228,0.912560221214735,0.782197757426906,0.928201551787361,0.65,0.8,0.65,0.494938821461447,0.243118408460174,0.0114086754576646,0.0635946207883714,0.160436761608911,2.16387288939151,0.0309154222603475,0.0962340683761092,68.5714285714286,67.4698670112456,1,1,0,0.0690335063574204,0.671362028673869,0.635291017444319,2.02869323181637,2.05168525126925,TRUE,77
"genomica",5,0.4,8,"optimised_blocks",2,0.25,623,80,0.844147873976826,0.85259099903616,0.817081895246392,0.745421453301943,1.0610012978304,0.7,0.725,0.7,0.391205247585019,0.188485688052282,0.0146652413932908,0.186849160798434,0.305498122600132,1.90637695144473,0.0505967593823701,0.157075178969623,26.5714285714286,26.4394824305839,1,1,0,0.0390923344574659,0.671362028673869,0.635291017444319,2.02869323181637,2.05168525126925,TRUE,104
"genomica",5,0.4,8,"optimised_blocks",4,0.5,1274,80,0.922855514235203,0.926799805314759,0.91067360469476,0.808427017301305,1.06317899143717,0.85,0.75,0.75,0.359546572110027,0.228515288468171,2.82101759079117e-10,0.138033044128695,0.166582364524679,1.91776594322088,9.5942885601099e-10,0.0852028956594293,76.1428571428571,75.8228790404665,1,1,0,0.0206226758153355,0.671362028673869,0.635291017444319,2.02869323181637,2.05168525126925,TRUE,57
"genomica",5,0.4,8,"parentage",2,0.25,640,80,0.915428622420119,0.917670407107147,0.90990947212889,0.792221107185888,1.01720368465515,0.9,0.775,0.8,0.455816037111893,0.217028916349925,0.0180782863011891,0.0766872781288258,0.184672739711894,2.03029942157031,0.053736856338672,0.145751591645908,11.4285714285714,0,1,1,0.5,0.0534522483824849,0.671362028673869,0.635291017444319,2.02869323181637,2.05168525126925,TRUE,111
"genomica",5,0.4,8,"parentage",4,0.5,1280,80,0.929122802745345,0.935572636837362,0.91663050506034,0.853186697000974,1.15870135461445,0.75,0.8,0.65,0.365172722078058,0.156662944327638,0.0850775463179383,0.122514285411763,0.319079983848386,1.97723991285731,0.326070262325825,0.16656536360361,68.5714285714286,61.2305633251395,1,1,0,0.0256609068985713,0.671362028673869,0.635291017444319,2.02869323181637,2.05168525126925,TRUE,84
"genomica",6,0.4,4,"complete",4,1,1280,80,0.822122215785559,0.835723371594084,0.750428970154815,NA,0.966467339075323,0.5,0.55,1,0.0976502881992039,0.233755495187843,0.0576282135948931,0.179136522285686,0.131957456004411,1.34706435543986,0.347780373691242,0.133707729791701,320,320,1,1,0,0,0.34390141961606,0.329000141007237,1.33312819952472,1.92181707105988,TRUE,81
"genomica",6,0.4,4,"random",1,0.25,320,80,0.687881925253955,0.688623644153286,0.701801697910079,0.687976114395272,1.29711437650748,0.3,0.375,0.25,0.0186400027132939,0.149763937651604,0.200097533421238,0.409286559218456,0.170400104906037,1.28657170832748,2.37639966128663,0.267250371458056,0,0,0.975,0.9875,1,0.174702127443639,0.34390141961606,0.329000141007237,1.33312819952472,1.92181707105988,FALSE,120
"genomica",6,0.4,4,"random",2,0.5,640,80,0.785520104819117,0.812357549160143,0.63993881180613,0.832073926022576,0.808770192102612,0.45,0.475,0.45,0.173998213151106,0.274757993557496,2.13671242297931e-10,0.182126601486568,0.205736167054178,1.23507648900265,9.52282059183543e-10,0.126978443855955,53.3333333333333,52.599191718558,1,1,0,0.0649519052838329,0.34390141961606,0.329000141007237,1.33312819952472,1.92181707105988,TRUE,95
"genomica",6,0.4,4,"optimised_blocks",1,0.25,320,80,0.723963372471927,0.72232279063441,0.740144219393275,0.752698221551816,0.89397902987814,0.25,0.35,0.55,0.0694532700136277,0.314881486499703,2.28960146883786e-10,0.300749958137237,2.28960146883786e-10,1.59479291105818,1.19146209393552e-09,0.128296978024689,0,0,1,1,1,0.0353553390593274,0.34390141961606,0.329000141007237,1.33312819952472,1.92181707105988,FALSE,120
"genomica",6,0.4,4,"optimised_blocks",2,0.5,642,80,0.770506723691477,0.795213275513986,0.642009557208245,0.797567202206172,0.771596068308503,0.45,0.5,0.5,0.115579166249118,0.328322134770177,1.79527048094863e-10,0.0791466998621817,0.0574738235082928,1.16193801959566,8.08860202403686e-10,0.0827101894413153,66.1666666666667,66.1193344574691,1,1,0,0.0107915938166285,0.34390141961606,0.329000141007237,1.33312819952472,1.92181707105988,TRUE,88
"genomica",6,0.4,4,"parentage",1,0.25,320,80,0.711912365703516,0.730317724001436,0.618230611961453,0.682339467570719,0.644640706875514,0.25,0.35,0.2,0.236078973975547,0.325596609417769,0.149969780187787,0.051350169801374,0.0251863928571263,1.31540131492083,0.534008543799455,0.275296959849214,0,0,1,1,1,0.0510310363079829,0.34390141961606,0.329000141007237,1.33312819952472,1.92181707105988,FALSE,120
"genomica",6,0.4,4,"parentage",2,0.5,640,80,0.749932738219262,0.766283490974762,0.674567673519553,0.823884885080505,0.759886629077236,0.25,0.45,0.7,0.177616616078784,0.296658092108221,2.00949354944777e-10,0.263886668992837,0.0993148424297544,1.154794109362,8.4739646232851e-10,0.116930807929248,53.3333333333333,48.7011551234685,1,1,0,0.0391976827546391,0.34390141961606,0.329000141007237,1.33312819952472,1.92181707105988,TRUE,82
"genomica",6,0.4,8,"complete",8,1,2560,80,0.926581777140559,0.93129671856259,0.90335974305147,NA,1.16021169212478,0.55,0.65,1,0.0951631229017853,0.170543440619952,1.86510481733561e-10,0.168822512507708,0.159561701813738,1.23979911865016,1.40388313530164e-09,0.0486618882849673,320,320,1,1,0,0,0.34390141961606,0.329000141007237,1.33312819952472,1.92181707105988,TRUE,43
"genomica",6,0.4,8,"random",2,0.25,640,80,0.796555193833316,0.808534401994916,0.740380874099182,0.650178280693149,1.15420134649369,0.45,0.6,0.6,0.0732180950703564,0.193611069002787,0.0953690106060382,0.380575322814741,0.309826112140688,1.2016054846929,0.714831985756218,0.185937989347756,11.4285714285714,10.5474269813378,0.99375,0.99375,0,0.149403576166799,0.34390141961606,0.329000141007237,1.33312819952472,1.92181707105988,TRUE,103
"genomica",6,0.4,8,"random",4,0.5,1280,80,0.894273198542227,0.904476257947612,0.843289488610547,0.78425607267105,0.981517531614674,0.75,0.7,0.65,0.143640106594352,0.218102085688441,0.0540047518690248,0.187013579044187,0.0994989779119579,1.34754965565293,0.298581437394544,0.112740352982652,68.5714285714286,67.0860695326707,1,1,0,0.0920379386060832,0.34390141961606,0.329000141007237,1.33312819952472,1.92181707105988,TRUE,84
"genomica",6,0.4,8,"optimised_blocks",2,0.25,637,80,0.805426523359556,0.827414370861581,0.693073250981948,0.693248260696645,1.24782596423147,0.4,0.625,0.5,0.0615335555216313,0.168940056738611,2.03709289682817e-10,0.157080953451576,0.233251591726943,1.41794807056842,1.76774501588317e-09,0.0855628474713889,29.3214285714286,29.1466610323898,1,1,0,0.0493017050312979,0.34390141961606,0.329000141007237,1.33312819952472,1.92181707105988,TRUE,107
"genomica",6,0.4,8,"optimised_blocks",4,0.5,1281,80,0.892834825963816,0.904553346431619,0.835007298314837,0.790285797322308,1.22650098790939,0.75,0.7,0.65,0.0953259866633673,0.164518461763899,0.0368373541080771,0.280791753646095,0.182802102511647,1.45863272244378,0.283533893689388,0.107025090652659,77.6071428571429,77.2900245836987,1,1,0,0.0324398678165738,0.34390141961606,0.329000141007237,1.33312819952472,1.92181707105988,TRUE,90
"genomica",6,0.4,8,"parentage",2,0.25,640,80,0.798165800040067,0.811007813891844,0.744948896293406,0.665975387154985,1.23547896498082,0.4,0.55,0.45,0.143996153503824,0.0819711908689403,1.93732366750787e-10,0.216209695255788,0.0447685112597776,1.46256949130271,1.7146934862517e-09,0.0807010377596802,11.4285714285714,0,1,0.99375,0.428571428571429,0.0327326835353989,0.34390141961606,0.329000141007237,1.33312819952472,1.92181707105988,TRUE,107
"genomica",6,0.4,8,"parentage",4,0.5,1280,80,0.890151616142627,0.888563447524509,0.897866557986508,0.785682566027241,1.13514643039079,0.55,0.525,0.6,0.0778091739513313,0.202508078076498,0.0586546155833851,0.233077062475394,0.163056890972775,1.35164698090043,0.418487375707877,0.117463363111717,68.5714285714286,61.1042133091165,1,1,0,0.0149403576166799,0.34390141961606,0.329000141007237,1.33312819952472,1.92181707105988,TRUE,84
"genomica",7,0.4,4,"complete",4,1,1280,80,0.676951178791642,0.668427798920754,0.714077384524945,NA,0.616532230815241,0.4,0.45,1,0.272885773343079,0.211847349614855,0.0220937855092905,0.077348361638411,0.0578993223894648,1.05219326760722,0.0911585549362504,0.0797899083835773,320,320,1,1,0,0,0.354866568261013,0.310922693728698,1.07169550117795,2.26256190555597,TRUE,79
"genomica",7,0.4,4,"random",1,0.25,320,80,0.594213439618969,0.578456739650663,0.670241250294865,0.794642993771312,0.748576307529379,0.35,0.375,0.55,0.208261723821011,0.105130094666349,0.0655274744330198,1.29674959454077e-10,0.0701566966478565,0.837468655051637,0.418182419370738,0.146739151277788,0,0,0.9875,1,1,0.142156017576933,0.354866568261013,0.310922693728698,1.07169550117795,2.26256190555597,FALSE,120
"genomica",7,0.4,4,"random",2,0.5,640,80,0.61472950788348,0.613181248994808,0.624217282997446,0.881262166843148,0.598720732498767,0.4,0.425,0.7,0.229900178152007,0.20653413867455,0.0816260876831778,0.0458775882975312,0.0538373696118197,0.958055444135125,0.374058979947797,0.144577622218184,53.3333333333333,52.4490706172179,1,1,0,0.0169250800096582,0.354866568261013,0.310922693728698,1.07169550117795,2.26256190555597,TRUE,94
"genomica",7,0.4,4,"optimised_blocks",1,0.25,320,80,0.522569937041133,0.539035561469375,0.456389371200201,0.760337791530416,0.449713558926392,0.25,0.375,0.45,0.141139849949519,0.340585543984103,0.366985334360805,0.164134458056897,0.102428139046047,0.662320321561274,1.52362876851525,0.38311671201876,0,0,1,1,1,0.0510310363079829,0.354866568261013,0.310922693728698,1.07169550117795,2.26256190555597,TRUE,114
"genomica",7,0.4,4,"optimised_blocks",2,0.5,637,80,0.573488785068723,0.57731615967538,0.558624162003702,0.847621098577691,0.57555744226034,0.25,0.375,0.75,0.184564369439804,0.231122699493977,1.63878020837962e-10,0.0961755276657013,0.0249553999452041,1.08801629538214,7.88468216046756e-10,0.0793626073718493,63.8333333333333,63.6031559033276,1,1,0,0.0268257574421273,0.354866568261013,0.310922693728698,1.07169550117795,2.26256190555597,TRUE,92
"genomica",7,0.4,4,"parentage",1,0.25,320,80,0.562485978229324,0.554799507395341,0.597321100793304,0.769047063256415,0.57550396657591,0.2,0.375,0.4,0.285301191544948,0.188573408928029,0.0285956698758291,0.110998817361089,0.0490867508490735,1.08145276968403,0.120688763851397,0.157765536115353,0,0,1,1,1,0.0102062072615966,0.354866568261013,0.310922693728698,1.07169550117795,2.26256190555597,FALSE,120
"genomica",7,0.4,4,"parentage",2,0.5,640,80,0.642312494100638,0.659300421841935,0.570576036425036,0.883154011330868,0.582165084637128,0.35,0.45,0.6,0.231791709549765,0.257068224466366,0.0578712708269266,0.0440989912806632,0.0618329146680972,1.00747276933452,0.236760130254475,0.129646723313009,53.3333333333333,45.2874560691335,1,1,0,0.0456435464587638,0.354866568261013,0.310922693728698,1.07169550117795,2.26256190555597,TRUE,104
"genomica",7,0.4,8,"complete",8,1,2560,80,0.93209136865298,0.940566094984746,0.895501466448403,NA,1.2912105189836,0.75,0.75,1,0.0987562882204535,0.126396164136255,0.0482546966332936,0.165618667289386,0.205292940422011,1.12085952820085,0.42864020469867,0.0876505804640294,320,320,1,1,0,0,0.354866568261013,0.310922693728698,1.07169550117795,2.26256190555597,TRUE,26
"genomica",7,0.4,8,"random",2,0.25,640,80,0.83129259163522,0.839581110496391,0.799142850015682,0.713240296339097,1.48586859146232,0.45,0.625,0.5,0.0720072536440281,0.101586029186051,0.0628357887734708,0.144705459386053,0.214505904401984,1.06982810470989,0.723942628989594,0.128593922723726,11.4285714285714,10.1365683895751,1,1,0,0.147448538238164,0.354866568261013,0.310922693728698,1.07169550117795,2.26256190555597,TRUE,111
"genomica",7,0.4,8,"random",4,0.5,1280,80,0.870836256722061,0.872291230529895,0.865640976262254,0.803886344048302,1.03554914053521,0.65,0.65,0.65,0.113566632092297,0.213053032718092,0.0192809599232404,0.259024905419035,0.178065324275632,1.16022614313572,0.118063680791746,0.0893186034800483,68.5714285714286,67.7978293768484,1,1,0,0.0543837226172895,0.354866568261013,0.310922693728698,1.07169550117795,2.26256190555597,TRUE,78
"genomica",7,0.4,8,"optimised_blocks",2,0.25,642,80,0.875345427180814,0.874707045610018,0.87940701898993,0.766343780269893,1.18276907997985,0.65,0.625,0.7,0.115827311040737,0.159836106651168,0.0564814476962339,0.172463583960455,0.133041009326665,1.03121899603484,0.409785586851864,0.132711267638138,29.5,29.3266251773414,1,1,0,0.0369354586938076,0.354866568261013,0.310922693728698,1.07169550117795,2.26256190555597,TRUE,100
"genomica",7,0.4,8,"optimised_blocks",4,0.5,1269,80,0.885655380503662,0.888195764135528,0.878675762139062,0.817203275336401,1.03433726895586,0.55,0.575,0.6,0.0813983629388698,0.193149643433463,0.114168592688304,0.164158704181728,0.19986258916074,0.974749225061129,0.831684004534147,0.14509705791611,74.8928571428571,74.5792488858134,1,1,0,0.0247479795941188,0.354866568261013,0.310922693728698,1.07169550117795,2.26256190555597,TRUE,47
"genomica",7,0.4,8,"parentage",2,0.25,640,80,0.850845732845048,0.855265817108258,0.830450321255852,0.757010812119877,1.03254096421816,0.5,0.575,0.55,0.13101867120342,0.159611968152737,0.153869934641208,0.205644774742516,0.21525104811449,0.9132571573984,1.05886932624916,0.20854222551157,11.4285714285714,0,1,1,0.535714285714286,0.0477156757710264,0.354866568261013,0.310922693728698,1.07169550117795,2.26256190555597,TRUE,79
"genomica",7,0.4,8,"parentage",4,0.5,1280,80,0.905039514350151,0.913652648483613,0.867115346392786,0.832126148248885,1.06155860092661,0.55,0.675,0.7,0.133380012339499,0.169011259596322,0.0476601435858357,0.200861996809832,0.202217140416218,1.01502785166058,0.315221687985432,0.107216301300907,68.5714285714286,61.2496030500462,1,1,0,0.0265165042944955,0.354866568261013,0.310922693728698,1.07169550117795,2.26256190555597,TRUE,81
"genomica",8,0.4,4,"complete",4,1,1280,80,0.832640554357826,0.846463472795563,0.768980227972713,NA,0.817617593602947,0.35,0.675,1,0.233610840054328,0.325630513291964,0.0762531933566899,0.0356098743996582,0.0319548435632509,0.967326009609255,0.272702270318242,0.105291417168313,320,320,1,1,0,0,0.44479564394506,0.367274212620334,0.987331397463558,2.77020305368981,TRUE,68
"genomica",8,0.4,4,"random",1,0.25,320,80,0.629412943966483,0.649034222648468,0.539767418515547,0.677047429355571,0.873933996993294,0.25,0.325,0.55,0.13186921469787,0.234330447579225,0.0859854087196662,0.101336608310804,0.037239837056625,1.01793506597271,0.469609437567439,0.19322879314579,0,0,0.9875,0.9875,1,0.0444878260501305,0.44479564394506,0.367274212620334,0.987331397463558,2.77020305368981,FALSE,120
"genomica",8,0.4,4,"random",2,0.5,640,80,0.841786741378604,0.853973494475002,0.775917441751796,0.81667136741272,0.909349781759279,0.35,0.6,0.45,0.177754840117474,0.306446259277967,0.0578284581501579,0.027949517149988,1.539779471545e-10,1.00879845875845,0.238861325273159,0.113694290978559,53.3333333333333,52.7782605412601,1,1,0,0.0675077156084152,0.44479564394506,0.367274212620334,0.987331397463558,2.77020305368981,TRUE,105
"genomica",8,0.4,4,"optimised_blocks",1,0.25,320,80,0.731203628910375,0.740015104774054,0.692402246333557,0.744376560779722,0.624533417246365,0.25,0.4,0.35,0.230604901043998,0.44288087178133,0.419648105360045,0.0481405681721737,0.0884396720981465,0.791654954021442,1.2461973876585,0.420586009822645,0,0,1,1,1,0.0595119035711904,0.44479564394506,0.367274212620334,0.987331397463558,2.77020305368981,TRUE,110
"genomica",8,0.4,4,"optimised_blocks",2,0.5,637,80,0.783225569105654,0.802515605207236,0.696330571210565,0.837335616765677,0.902388038975752,0.3,0.675,0.5,0.144931894399742,0.30124906816912,0.0240336639911329,0.0284590789547665,0.079593446880742,1.00821789788935,0.107730566776137,0.0990043797106922,64.3333333333333,63.6967311628793,1,1,0,0.0194392209534346,0.44479564394506,0.367274212620334,0.987331397463558,2.77020305368981,TRUE,117
"genomica",8,0.4,4,"parentage",1,0.25,320,80,0.69780264319095,0.710130048900875,0.632393222759598,0.784977361996766,0.764444608874266,0.35,0.45,0.65,0.136016605359541,0.391951973391938,0.0749589517693955,1.69281034527158e-10,0.113695473454678,0.992953911299207,0.283952321354637,0.188024288689261,0,0,1,1,1,0.0684653196881458,0.44479564394506,0.367274212620334,0.987331397463558,2.77020305368981,FALSE,120
"genomica",8,0.4,4,"parentage",2,0.5,640,80,0.810916510476999,0.82327380525854,0.752093452604501,0.833350590215646,0.97306479017972,0.25,0.6,0.5,0.145720668858354,0.258404705673754,0.100308969903891,0.0394185715513101,0.0585327676330573,0.967700621276122,0.496425001869919,0.156592530502395,53.3333333333333,46.7019320064825,1,1,0,0.0144337567297406,0.44479564394506,0.367274212620334,0.987331397463558,2.77020305368981,TRUE,92
"genomica",8,0.4,8,"complete",8,1,2560,80,0.934603868865966,0.933221644729017,0.93974157063686,NA,1.04684984080833,0.65,0.8,1,0.169792031158877,0.229652513385773,0.0665825776644905,0.0392691562816362,0.160936511966605,1.00759000641125,0.333375826876754,0.0849843302159985,320,320,1,1,0,0,0.44479564394506,0.367274212620334,0.987331397463558,2.77020305368981,TRUE,38
"genomica",8,0.4,8,"random",2,0.25,640,80,0.870832847050876,0.87339281717967,0.865323862618354,0.77407405955385,1.09047515451967,0.6,0.75,0.7,0.184957553278005,0.195305607910446,0.0642232856580648,0.0623773900199291,0.213670881253197,0.908343978739215,0.337783368009383,0.136603750997541,11.4285714285714,10.6276532716113,1,1,0,0.117260393995586,0.44479564394506,0.367274212620334,0.987331397463558,2.77020305368981,TRUE,106
"genomica",8,0.4,8,"random",4,0.5,1280,80,0.910230916231285,0.914201906428593,0.900766056999613,0.822937529943757,1.06618466308849,0.6,0.75,0.65,0.166403625203217,0.218193241815929,0.0860165547232837,0.0508988568926202,0.149865138896922,0.946589036290082,0.447307620522045,0.117045137298243,68.5714285714286,67.9897997875152,1,1,0,0.0449454033880472,0.44479564394506,0.367274212620334,0.987331397463558,2.77020305368981,TRUE,68
"genomica",8,0.4,8,"optimised_blocks",2,0.25,633,80,0.847792023408132,0.845767985146884,0.856023127386902,0.732421537834855,1.33677695170019,0.5,0.65,0.5,0.10419853152249,0.157366680085094,0.00350516042304204,0.0422946850316796,0.148300615121775,1.07077098581399,0.026801426699669,0.0748968813088035,28.4285714285714,28.2370238389911,1,1,0,0.0484498214694425,0.44479564394506,0.367274212620334,0.987331397463558,2.77020305368981,TRUE,113
"genomica",8,0.4,8,"optimised_blocks",4,0.5,1289,80,0.863359724272567,0.870449067464836,0.840587119814019,0.80129132874251,1.19341026590526,0.55,0.725,0.65,0.162410288171661,0.130170169683784,0.058225329052227,0.0404210318937063,0.150495066325443,1.04673862734084,0.39801242693382,0.097474386418937,79.1785714285714,78.7754494176703,1,1,0,0.0381775921851887,0.44479564394506,0.367274212620334,0.987331397463558,2.77020305368981,TRUE,82
"genomica",8,0.4,8,"parentage",2,0.25,640,80,0.865898281729723,0.865274261124587,0.871261388414737,0.757352027421986,1.17327646877829,0.45,0.7,0.65,0.104005893302291,0.217720084580613,0.0480578624952261,0.0586823836986568,0.101654988377692,1.02486784433473,0.298750276937333,0.112225192866806,11.4285714285714,0,0.99375,1,0.464285714285714,0.0559016994374947,0.44479564394506,0.367274212620334,0.987331397463558,2.77020305368981,TRUE,120
"genomica",8,0.4,8,"parentage",4,0.5,1280,80,0.918556892988666,0.92156054481215,0.911111244223724,0.841850657895301,1.1457701234423,0.55,0.8,0.65,0.134388648514017,0.218712448366204,0.0566622069559505,0.0620858019091215,0.133618153712464,0.943821218662158,0.3209404188012,0.0957121342768831,68.5714285714286,52.8696889066504,1,1,0,0.0188982236504614,0.44479564394506,0.367274212620334,0.987331397463558,2.77020305368981,TRUE,78
