parameter,value,source,key,derived
Plot heritability,0.10 (founder population),Werner et al. 2025 (simulation),werner2025,no
Plot heritability (worst environment),0.18,Atanda et al. 2022 (wheat),atanda2022,no
Broad-sense H2 over all hybrids,0.30,Gonzalez-Dieguez et al. 2026 (simulation),gonzalezdieguez2026,no
Entry-mean H2,0.76-0.87,Li et al. 2026 (maize),li2026,no
Entry-mean H2,0.61-0.87,Lubanga et al. 2025 (cassava),lubanga2025,no
Broad-sense H2 (maximum),~0.67,Hild Aono & Chawade 2026 (potato),hildaono2026,no
s2SCA / s2GCA at cycle 1,"0.05 / 0.23 / 0.50 for mean dominance 0.1 / 0.5 / 0.9",Gonzalez-Dieguez et al. 2026,gonzalezdieguez2026,no
s2GxE / (s2G + s2GxE),0.56,Werner et al. 2025,werner2025,no
Crossover share of G x E variance,0.53,Werner et al. 2025,werner2025,no
Mean genetic correlation between TPE locations,0.60,Werner et al. 2025,werner2025,no
Genetic correlation between locations (plant height),0.36-0.67,Li et al. 2026 (maize),li2026,no
Genetic correlation between environments (grain yield),none strong detected,Li et al. 2026 (maize),li2026,no
Genetic correlation between environments (same year),-0.04 to 0.67,Atanda et al. 2022 (wheat),atanda2022,no
s2_env / s2_g (grain yield),8.1,Li et al. 2026 (maize; 1.13 / 0.14),li2026,yes
Genotypes tested,264-2000,all six studies,,no
Locations,2-440,all six studies,,no
Testers,1-1200,Gonzalez-Dieguez et al. 2026,gonzalezdieguez2026,no
Cells observed,10-83%,all six studies,,no
